,Country,n_channels,ave_video_views,ave_n_subscribers,Population,unemployment_rate,Urban_population,ave_subscribers_for_last_30_days,gross_higher_ed_pct,Abbreviation,Alpha_3_code
0,United States,313,11790069702.74441,23416932.90734824,328239523.0,14.7,270663028.0,344576.015,88.2,US,USA
1,United States,313,11790069702.74441,23416932.90734824,328239523.0,14.7,270663028.0,344576.015,88.2,US,USA
2,United States,313,11790069702.74441,23416932.90734824,328239523.0,14.7,270663028.0,344576.015,88.2,US,USA
3,United States,313,11790069702.74441,23416932.90734824,328239523.0,14.7,270663028.0,344576.015,88.2,US,USA
4,United States,313,11790069702.74441,23416932.90734824,328239523.0,14.7,270663028.0,344576.015,88.2,US,USA
5,United States,313,11790069702.74441,23416932.90734824,328239523.0,14.7,270663028.0,344576.015,88.2,US,USA
6,United States,313,11790069702.74441,23416932.90734824,328239523.0,14.7,270663028.0,344576.015,88.2,US,USA
7,United States,313,11790069702.74441,23416932.90734824,328239523.0,14.7,270663028.0,344576.015,88.2,US,USA
8,United States,313,11790069702.74441,23416932.90734824,328239523.0,14.7,270663028.0,344576.015,88.2,US,USA
9,United States,313,11790069702.74441,23416932.90734824,328239523.0,14.7,270663028.0,344576.015,88.2,US,USA
10,United States,313,11790069702.74441,23416932.90734824,328239523.0,14.7,270663028.0,344576.015,88.2,US,USA
11,United States,313,11790069702.74441,23416932.90734824,328239523.0,14.7,270663028.0,344576.015,88.2,US,USA
12,United States,313,11790069702.74441,23416932.90734824,328239523.0,14.7,270663028.0,344576.015,88.2,US,USA
13,United States,313,11790069702.74441,23416932.90734824,328239523.0,14.7,270663028.0,344576.015,88.2,US,USA
14,United States,313,11790069702.74441,23416932.90734824,328239523.0,14.7,270663028.0,344576.015,88.2,US,USA
15,United States,313,11790069702.74441,23416932.90734824,328239523.0,14.7,270663028.0,344576.015,88.2,US,USA
16,United States,313,11790069702.74441,23416932.90734824,328239523.0,14.7,270663028.0,344576.015,88.2,US,USA
17,United States,313,11790069702.74441,23416932.90734824,328239523.0,14.7,270663028.0,344576.015,88.2,US,USA
18,United States,313,11790069702.74441,23416932.90734824,328239523.0,14.7,270663028.0,344576.015,88.2,US,USA
19,United States,313,11790069702.74441,23416932.90734824,328239523.0,14.7,270663028.0,344576.015,88.2,US,USA
20,United States,313,11790069702.74441,23416932.90734824,328239523.0,14.7,270663028.0,344576.015,88.2,US,USA
21,United States,313,11790069702.74441,23416932.90734824,328239523.0,14.7,270663028.0,344576.015,88.2,US,USA
22,United States,313,11790069702.74441,23416932.90734824,328239523.0,14.7,270663028.0,344576.015,88.2,US,USA
23,United States,313,11790069702.74441,23416932.90734824,328239523.0,14.7,270663028.0,344576.015,88.2,US,USA
24,United States,313,11790069702.74441,23416932.90734824,328239523.0,14.7,270663028.0,344576.015,88.2,US,USA
25,United States,313,11790069702.74441,23416932.90734824,328239523.0,14.7,270663028.0,344576.015,88.2,US,USA
26,United States,313,11790069702.74441,23416932.90734824,328239523.0,14.7,270663028.0,344576.015,88.2,US,USA
27,United States,313,11790069702.74441,23416932.90734824,328239523.0,14.7,270663028.0,344576.015,88.2,US,USA
28,United States,313,11790069702.74441,23416932.90734824,328239523.0,14.7,270663028.0,344576.015,88.2,US,USA
29,United States,313,11790069702.74441,23416932.90734824,328239523.0,14.7,270663028.0,344576.015,88.2,US,USA
30,United States,313,11790069702.74441,23416932.90734824,328239523.0,14.7,270663028.0,344576.015,88.2,US,USA
31,United States,313,11790069702.74441,23416932.90734824,328239523.0,14.7,270663028.0,344576.015,88.2,US,USA
32,United States,313,11790069702.74441,23416932.90734824,328239523.0,14.7,270663028.0,344576.015,88.2,US,USA
33,United States,313,11790069702.74441,23416932.90734824,328239523.0,14.7,270663028.0,344576.015,88.2,US,USA
34,United States,313,11790069702.74441,23416932.90734824,328239523.0,14.7,270663028.0,344576.015,88.2,US,USA
35,United States,313,11790069702.74441,23416932.90734824,328239523.0,14.7,270663028.0,344576.015,88.2,US,USA
36,United States,313,11790069702.74441,23416932.90734824,328239523.0,14.7,270663028.0,344576.015,88.2,US,USA
37,United States,313,11790069702.74441,23416932.90734824,328239523.0,14.7,270663028.0,344576.015,88.2,US,USA
38,United States,313,11790069702.74441,23416932.90734824,328239523.0,14.7,270663028.0,344576.015,88.2,US,USA
39,United States,313,11790069702.74441,23416932.90734824,328239523.0,14.7,270663028.0,344576.015,88.2,US,USA
40,United States,313,11790069702.74441,23416932.90734824,328239523.0,14.7,270663028.0,344576.015,88.2,US,USA
41,United States,313,11790069702.74441,23416932.90734824,328239523.0,14.7,270663028.0,344576.015,88.2,US,USA
42,United States,313,11790069702.74441,23416932.90734824,328239523.0,14.7,270663028.0,344576.015,88.2,US,USA
43,United States,313,11790069702.74441,23416932.90734824,328239523.0,14.7,270663028.0,344576.015,88.2,US,USA
44,United States,313,11790069702.74441,23416932.90734824,328239523.0,14.7,270663028.0,344576.015,88.2,US,USA
45,United States,313,11790069702.74441,23416932.90734824,328239523.0,14.7,270663028.0,344576.015,88.2,US,USA
46,United States,313,11790069702.74441,23416932.90734824,328239523.0,14.7,270663028.0,344576.015,88.2,US,USA
47,United States,313,11790069702.74441,23416932.90734824,328239523.0,14.7,270663028.0,344576.015,88.2,US,USA
48,United States,313,11790069702.74441,23416932.90734824,328239523.0,14.7,270663028.0,344576.015,88.2,US,USA
49,United States,313,11790069702.74441,23416932.90734824,328239523.0,14.7,270663028.0,344576.015,88.2,US,USA
50,United States,313,11790069702.74441,23416932.90734824,328239523.0,14.7,270663028.0,344576.015,88.2,US,USA
51,United States,313,11790069702.74441,23416932.90734824,328239523.0,14.7,270663028.0,344576.015,88.2,US,USA
52,United States,313,11790069702.74441,23416932.90734824,328239523.0,14.7,270663028.0,344576.015,88.2,US,USA
53,United States,313,11790069702.74441,23416932.90734824,328239523.0,14.7,270663028.0,344576.015,88.2,US,USA
54,United States,313,11790069702.74441,23416932.90734824,328239523.0,14.7,270663028.0,344576.015,88.2,US,USA
55,United States,313,11790069702.74441,23416932.90734824,328239523.0,14.7,270663028.0,344576.015,88.2,US,USA
56,United States,313,11790069702.74441,23416932.90734824,328239523.0,14.7,270663028.0,344576.015,88.2,US,USA
57,United States,313,11790069702.74441,23416932.90734824,328239523.0,14.7,270663028.0,344576.015,88.2,US,USA
58,United States,313,11790069702.74441,23416932.90734824,328239523.0,14.7,270663028.0,344576.015,88.2,US,USA
59,United States,313,11790069702.74441,23416932.90734824,328239523.0,14.7,270663028.0,344576.015,88.2,US,USA
60,United States,313,11790069702.74441,23416932.90734824,328239523.0,14.7,270663028.0,344576.015,88.2,US,USA
61,United States,313,11790069702.74441,23416932.90734824,328239523.0,14.7,270663028.0,344576.015,88.2,US,USA
62,United States,313,11790069702.74441,23416932.90734824,328239523.0,14.7,270663028.0,344576.015,88.2,US,USA
63,United States,313,11790069702.74441,23416932.90734824,328239523.0,14.7,270663028.0,344576.015,88.2,US,USA
64,United States,313,11790069702.74441,23416932.90734824,328239523.0,14.7,270663028.0,344576.015,88.2,US,USA
65,United States,313,11790069702.74441,23416932.90734824,328239523.0,14.7,270663028.0,344576.015,88.2,US,USA
66,United States,313,11790069702.74441,23416932.90734824,328239523.0,14.7,270663028.0,344576.015,88.2,US,USA
67,United States,313,11790069702.74441,23416932.90734824,328239523.0,14.7,270663028.0,344576.015,88.2,US,USA
68,United States,313,11790069702.74441,23416932.90734824,328239523.0,14.7,270663028.0,344576.015,88.2,US,USA
69,United States,313,11790069702.74441,23416932.90734824,328239523.0,14.7,270663028.0,344576.015,88.2,US,USA
70,United States,313,11790069702.74441,23416932.90734824,328239523.0,14.7,270663028.0,344576.015,88.2,US,USA
71,United States,313,11790069702.74441,23416932.90734824,328239523.0,14.7,270663028.0,344576.015,88.2,US,USA
72,United States,313,11790069702.74441,23416932.90734824,328239523.0,14.7,270663028.0,344576.015,88.2,US,USA
73,United States,313,11790069702.74441,23416932.90734824,328239523.0,14.7,270663028.0,344576.015,88.2,US,USA
74,United States,313,11790069702.74441,23416932.90734824,328239523.0,14.7,270663028.0,344576.015,88.2,US,USA
75,United States,313,11790069702.74441,23416932.90734824,328239523.0,14.7,270663028.0,344576.015,88.2,US,USA
76,United States,313,11790069702.74441,23416932.90734824,328239523.0,14.7,270663028.0,344576.015,88.2,US,USA
77,United States,313,11790069702.74441,23416932.90734824,328239523.0,14.7,270663028.0,344576.015,88.2,US,USA
78,United States,313,11790069702.74441,23416932.90734824,328239523.0,14.7,270663028.0,344576.015,88.2,US,USA
79,United States,313,11790069702.74441,23416932.90734824,328239523.0,14.7,270663028.0,344576.015,88.2,US,USA
80,United States,313,11790069702.74441,23416932.90734824,328239523.0,14.7,270663028.0,344576.015,88.2,US,USA
81,United States,313,11790069702.74441,23416932.90734824,328239523.0,14.7,270663028.0,344576.015,88.2,US,USA
82,United States,313,11790069702.74441,23416932.90734824,328239523.0,14.7,270663028.0,344576.015,88.2,US,USA
83,United States,313,11790069702.74441,23416932.90734824,328239523.0,14.7,270663028.0,344576.015,88.2,US,USA
84,United States,313,11790069702.74441,23416932.90734824,328239523.0,14.7,270663028.0,344576.015,88.2,US,USA
85,United States,313,11790069702.74441,23416932.90734824,328239523.0,14.7,270663028.0,344576.015,88.2,US,USA
86,United States,313,11790069702.74441,23416932.90734824,328239523.0,14.7,270663028.0,344576.015,88.2,US,USA
87,United States,313,11790069702.74441,23416932.90734824,328239523.0,14.7,270663028.0,344576.015,88.2,US,USA
88,United States,313,11790069702.74441,23416932.90734824,328239523.0,14.7,270663028.0,344576.015,88.2,US,USA
89,United States,313,11790069702.74441,23416932.90734824,328239523.0,14.7,270663028.0,344576.015,88.2,US,USA
90,United States,313,11790069702.74441,23416932.90734824,328239523.0,14.7,270663028.0,344576.015,88.2,US,USA
91,United States,313,11790069702.74441,23416932.90734824,328239523.0,14.7,270663028.0,344576.015,88.2,US,USA
92,United States,313,11790069702.74441,23416932.90734824,328239523.0,14.7,270663028.0,344576.015,88.2,US,USA
93,United States,313,11790069702.74441,23416932.90734824,328239523.0,14.7,270663028.0,344576.015,88.2,US,USA
94,United States,313,11790069702.74441,23416932.90734824,328239523.0,14.7,270663028.0,344576.015,88.2,US,USA
95,United States,313,11790069702.74441,23416932.90734824,328239523.0,14.7,270663028.0,344576.015,88.2,US,USA
96,United States,313,11790069702.74441,23416932.90734824,328239523.0,14.7,270663028.0,344576.015,88.2,US,USA
97,United States,313,11790069702.74441,23416932.90734824,328239523.0,14.7,270663028.0,344576.015,88.2,US,USA
98,United States,313,11790069702.74441,23416932.90734824,328239523.0,14.7,270663028.0,344576.015,88.2,US,USA
99,United States,313,11790069702.74441,23416932.90734824,328239523.0,14.7,270663028.0,344576.015,88.2,US,USA
100,United States,313,11790069702.74441,23416932.90734824,328239523.0,14.7,270663028.0,344576.015,88.2,US,USA
101,United States,313,11790069702.74441,23416932.90734824,328239523.0,14.7,270663028.0,344576.015,88.2,US,USA
102,United States,313,11790069702.74441,23416932.90734824,328239523.0,14.7,270663028.0,344576.015,88.2,US,USA
103,United States,313,11790069702.74441,23416932.90734824,328239523.0,14.7,270663028.0,344576.015,88.2,US,USA
104,United States,313,11790069702.74441,23416932.90734824,328239523.0,14.7,270663028.0,344576.015,88.2,US,USA
105,United States,313,11790069702.74441,23416932.90734824,328239523.0,14.7,270663028.0,344576.015,88.2,US,USA
106,United States,313,11790069702.74441,23416932.90734824,328239523.0,14.7,270663028.0,344576.015,88.2,US,USA
107,United States,313,11790069702.74441,23416932.90734824,328239523.0,14.7,270663028.0,344576.015,88.2,US,USA
108,United States,313,11790069702.74441,23416932.90734824,328239523.0,14.7,270663028.0,344576.015,88.2,US,USA
109,United States,313,11790069702.74441,23416932.90734824,328239523.0,14.7,270663028.0,344576.015,88.2,US,USA
110,United States,313,11790069702.74441,23416932.90734824,328239523.0,14.7,270663028.0,344576.015,88.2,US,USA
111,United States,313,11790069702.74441,23416932.90734824,328239523.0,14.7,270663028.0,344576.015,88.2,US,USA
112,United States,313,11790069702.74441,23416932.90734824,328239523.0,14.7,270663028.0,344576.015,88.2,US,USA
113,United States,313,11790069702.74441,23416932.90734824,328239523.0,14.7,270663028.0,344576.015,88.2,US,USA
114,United States,313,11790069702.74441,23416932.90734824,328239523.0,14.7,270663028.0,344576.015,88.2,US,USA
115,United States,313,11790069702.74441,23416932.90734824,328239523.0,14.7,270663028.0,344576.015,88.2,US,USA
116,United States,313,11790069702.74441,23416932.90734824,328239523.0,14.7,270663028.0,344576.015,88.2,US,USA
117,United States,313,11790069702.74441,23416932.90734824,328239523.0,14.7,270663028.0,344576.015,88.2,US,USA
118,United States,313,11790069702.74441,23416932.90734824,328239523.0,14.7,270663028.0,344576.015,88.2,US,USA
119,United States,313,11790069702.74441,23416932.90734824,328239523.0,14.7,270663028.0,344576.015,88.2,US,USA
120,United States,313,11790069702.74441,23416932.90734824,328239523.0,14.7,270663028.0,344576.015,88.2,US,USA
121,United States,313,11790069702.74441,23416932.90734824,328239523.0,14.7,270663028.0,344576.015,88.2,US,USA
122,United States,313,11790069702.74441,23416932.90734824,328239523.0,14.7,270663028.0,344576.015,88.2,US,USA
123,United States,313,11790069702.74441,23416932.90734824,328239523.0,14.7,270663028.0,344576.015,88.2,US,USA
124,United States,313,11790069702.74441,23416932.90734824,328239523.0,14.7,270663028.0,344576.015,88.2,US,USA
125,United States,313,11790069702.74441,23416932.90734824,328239523.0,14.7,270663028.0,344576.015,88.2,US,USA
126,United States,313,11790069702.74441,23416932.90734824,328239523.0,14.7,270663028.0,344576.015,88.2,US,USA
127,United States,313,11790069702.74441,23416932.90734824,328239523.0,14.7,270663028.0,344576.015,88.2,US,USA
128,United States,313,11790069702.74441,23416932.90734824,328239523.0,14.7,270663028.0,344576.015,88.2,US,USA
129,United States,313,11790069702.74441,23416932.90734824,328239523.0,14.7,270663028.0,344576.015,88.2,US,USA
130,United States,313,11790069702.74441,23416932.90734824,328239523.0,14.7,270663028.0,344576.015,88.2,US,USA
131,United States,313,11790069702.74441,23416932.90734824,328239523.0,14.7,270663028.0,344576.015,88.2,US,USA
132,United States,313,11790069702.74441,23416932.90734824,328239523.0,14.7,270663028.0,344576.015,88.2,US,USA
133,United States,313,11790069702.74441,23416932.90734824,328239523.0,14.7,270663028.0,344576.015,88.2,US,USA
134,United States,313,11790069702.74441,23416932.90734824,328239523.0,14.7,270663028.0,344576.015,88.2,US,USA
135,United States,313,11790069702.74441,23416932.90734824,328239523.0,14.7,270663028.0,344576.015,88.2,US,USA
136,United States,313,11790069702.74441,23416932.90734824,328239523.0,14.7,270663028.0,344576.015,88.2,US,USA
137,United States,313,11790069702.74441,23416932.90734824,328239523.0,14.7,270663028.0,344576.015,88.2,US,USA
138,United States,313,11790069702.74441,23416932.90734824,328239523.0,14.7,270663028.0,344576.015,88.2,US,USA
139,United States,313,11790069702.74441,23416932.90734824,328239523.0,14.7,270663028.0,344576.015,88.2,US,USA
140,United States,313,11790069702.74441,23416932.90734824,328239523.0,14.7,270663028.0,344576.015,88.2,US,USA
141,United States,313,11790069702.74441,23416932.90734824,328239523.0,14.7,270663028.0,344576.015,88.2,US,USA
142,United States,313,11790069702.74441,23416932.90734824,328239523.0,14.7,270663028.0,344576.015,88.2,US,USA
143,United States,313,11790069702.74441,23416932.90734824,328239523.0,14.7,270663028.0,344576.015,88.2,US,USA
144,United States,313,11790069702.74441,23416932.90734824,328239523.0,14.7,270663028.0,344576.015,88.2,US,USA
145,United States,313,11790069702.74441,23416932.90734824,328239523.0,14.7,270663028.0,344576.015,88.2,US,USA
146,United States,313,11790069702.74441,23416932.90734824,328239523.0,14.7,270663028.0,344576.015,88.2,US,USA
147,United States,313,11790069702.74441,23416932.90734824,328239523.0,14.7,270663028.0,344576.015,88.2,US,USA
148,United States,313,11790069702.74441,23416932.90734824,328239523.0,14.7,270663028.0,344576.015,88.2,US,USA
149,United States,313,11790069702.74441,23416932.90734824,328239523.0,14.7,270663028.0,344576.015,88.2,US,USA
150,United States,313,11790069702.74441,23416932.90734824,328239523.0,14.7,270663028.0,344576.015,88.2,US,USA
151,United States,313,11790069702.74441,23416932.90734824,328239523.0,14.7,270663028.0,344576.015,88.2,US,USA
152,United States,313,11790069702.74441,23416932.90734824,328239523.0,14.7,270663028.0,344576.015,88.2,US,USA
153,United States,313,11790069702.74441,23416932.90734824,328239523.0,14.7,270663028.0,344576.015,88.2,US,USA
154,United States,313,11790069702.74441,23416932.90734824,328239523.0,14.7,270663028.0,344576.015,88.2,US,USA
155,United States,313,11790069702.74441,23416932.90734824,328239523.0,14.7,270663028.0,344576.015,88.2,US,USA
156,United States,313,11790069702.74441,23416932.90734824,328239523.0,14.7,270663028.0,344576.015,88.2,US,USA
157,United States,313,11790069702.74441,23416932.90734824,328239523.0,14.7,270663028.0,344576.015,88.2,US,USA
158,United States,313,11790069702.74441,23416932.90734824,328239523.0,14.7,270663028.0,344576.015,88.2,US,USA
159,United States,313,11790069702.74441,23416932.90734824,328239523.0,14.7,270663028.0,344576.015,88.2,US,USA
160,United States,313,11790069702.74441,23416932.90734824,328239523.0,14.7,270663028.0,344576.015,88.2,US,USA
161,United States,313,11790069702.74441,23416932.90734824,328239523.0,14.7,270663028.0,344576.015,88.2,US,USA
162,United States,313,11790069702.74441,23416932.90734824,328239523.0,14.7,270663028.0,344576.015,88.2,US,USA
163,United States,313,11790069702.74441,23416932.90734824,328239523.0,14.7,270663028.0,344576.015,88.2,US,USA
164,United States,313,11790069702.74441,23416932.90734824,328239523.0,14.7,270663028.0,344576.015,88.2,US,USA
165,United States,313,11790069702.74441,23416932.90734824,328239523.0,14.7,270663028.0,344576.015,88.2,US,USA
166,United States,313,11790069702.74441,23416932.90734824,328239523.0,14.7,270663028.0,344576.015,88.2,US,USA
167,United States,313,11790069702.74441,23416932.90734824,328239523.0,14.7,270663028.0,344576.015,88.2,US,USA
168,United States,313,11790069702.74441,23416932.90734824,328239523.0,14.7,270663028.0,344576.015,88.2,US,USA
169,United States,313,11790069702.74441,23416932.90734824,328239523.0,14.7,270663028.0,344576.015,88.2,US,USA
170,United States,313,11790069702.74441,23416932.90734824,328239523.0,14.7,270663028.0,344576.015,88.2,US,USA
171,United States,313,11790069702.74441,23416932.90734824,328239523.0,14.7,270663028.0,344576.015,88.2,US,USA
172,United States,313,11790069702.74441,23416932.90734824,328239523.0,14.7,270663028.0,344576.015,88.2,US,USA
173,United States,313,11790069702.74441,23416932.90734824,328239523.0,14.7,270663028.0,344576.015,88.2,US,USA
174,United States,313,11790069702.74441,23416932.90734824,328239523.0,14.7,270663028.0,344576.015,88.2,US,USA
175,United States,313,11790069702.74441,23416932.90734824,328239523.0,14.7,270663028.0,344576.015,88.2,US,USA
176,United States,313,11790069702.74441,23416932.90734824,328239523.0,14.7,270663028.0,344576.015,88.2,US,USA
177,United States,313,11790069702.74441,23416932.90734824,328239523.0,14.7,270663028.0,344576.015,88.2,US,USA
178,United States,313,11790069702.74441,23416932.90734824,328239523.0,14.7,270663028.0,344576.015,88.2,US,USA
179,United States,313,11790069702.74441,23416932.90734824,328239523.0,14.7,270663028.0,344576.015,88.2,US,USA
180,United States,313,11790069702.74441,23416932.90734824,328239523.0,14.7,270663028.0,344576.015,88.2,US,USA
181,United States,313,11790069702.74441,23416932.90734824,328239523.0,14.7,270663028.0,344576.015,88.2,US,USA
182,United States,313,11790069702.74441,23416932.90734824,328239523.0,14.7,270663028.0,344576.015,88.2,US,USA
183,United States,313,11790069702.74441,23416932.90734824,328239523.0,14.7,270663028.0,344576.015,88.2,US,USA
184,United States,313,11790069702.74441,23416932.90734824,328239523.0,14.7,270663028.0,344576.015,88.2,US,USA
185,United States,313,11790069702.74441,23416932.90734824,328239523.0,14.7,270663028.0,344576.015,88.2,US,USA
186,United States,313,11790069702.74441,23416932.90734824,328239523.0,14.7,270663028.0,344576.015,88.2,US,USA
187,United States,313,11790069702.74441,23416932.90734824,328239523.0,14.7,270663028.0,344576.015,88.2,US,USA
188,United States,313,11790069702.74441,23416932.90734824,328239523.0,14.7,270663028.0,344576.015,88.2,US,USA
189,United States,313,11790069702.74441,23416932.90734824,328239523.0,14.7,270663028.0,344576.015,88.2,US,USA
190,United States,313,11790069702.74441,23416932.90734824,328239523.0,14.7,270663028.0,344576.015,88.2,US,USA
191,United States,313,11790069702.74441,23416932.90734824,328239523.0,14.7,270663028.0,344576.015,88.2,US,USA
192,United States,313,11790069702.74441,23416932.90734824,328239523.0,14.7,270663028.0,344576.015,88.2,US,USA
193,United States,313,11790069702.74441,23416932.90734824,328239523.0,14.7,270663028.0,344576.015,88.2,US,USA
194,United States,313,11790069702.74441,23416932.90734824,328239523.0,14.7,270663028.0,344576.015,88.2,US,USA
195,United States,313,11790069702.74441,23416932.90734824,328239523.0,14.7,270663028.0,344576.015,88.2,US,USA
196,United States,313,11790069702.74441,23416932.90734824,328239523.0,14.7,270663028.0,344576.015,88.2,US,USA
197,United States,313,11790069702.74441,23416932.90734824,328239523.0,14.7,270663028.0,344576.015,88.2,US,USA
198,United States,313,11790069702.74441,23416932.90734824,328239523.0,14.7,270663028.0,344576.015,88.2,US,USA
199,United States,313,11790069702.74441,23416932.90734824,328239523.0,14.7,270663028.0,344576.015,88.2,US,USA
200,United States,313,11790069702.74441,23416932.90734824,328239523.0,14.7,270663028.0,344576.015,88.2,US,USA
201,United States,313,11790069702.74441,23416932.90734824,328239523.0,14.7,270663028.0,344576.015,88.2,US,USA
202,United States,313,11790069702.74441,23416932.90734824,328239523.0,14.7,270663028.0,344576.015,88.2,US,USA
203,United States,313,11790069702.74441,23416932.90734824,328239523.0,14.7,270663028.0,344576.015,88.2,US,USA
204,United States,313,11790069702.74441,23416932.90734824,328239523.0,14.7,270663028.0,344576.015,88.2,US,USA
205,United States,313,11790069702.74441,23416932.90734824,328239523.0,14.7,270663028.0,344576.015,88.2,US,USA
206,United States,313,11790069702.74441,23416932.90734824,328239523.0,14.7,270663028.0,344576.015,88.2,US,USA
207,United States,313,11790069702.74441,23416932.90734824,328239523.0,14.7,270663028.0,344576.015,88.2,US,USA
208,United States,313,11790069702.74441,23416932.90734824,328239523.0,14.7,270663028.0,344576.015,88.2,US,USA
209,United States,313,11790069702.74441,23416932.90734824,328239523.0,14.7,270663028.0,344576.015,88.2,US,USA
210,United States,313,11790069702.74441,23416932.90734824,328239523.0,14.7,270663028.0,344576.015,88.2,US,USA
211,United States,313,11790069702.74441,23416932.90734824,328239523.0,14.7,270663028.0,344576.015,88.2,US,USA
212,United States,313,11790069702.74441,23416932.90734824,328239523.0,14.7,270663028.0,344576.015,88.2,US,USA
213,United States,313,11790069702.74441,23416932.90734824,328239523.0,14.7,270663028.0,344576.015,88.2,US,USA
214,United States,313,11790069702.74441,23416932.90734824,328239523.0,14.7,270663028.0,344576.015,88.2,US,USA
215,United States,313,11790069702.74441,23416932.90734824,328239523.0,14.7,270663028.0,344576.015,88.2,US,USA
216,United States,313,11790069702.74441,23416932.90734824,328239523.0,14.7,270663028.0,344576.015,88.2,US,USA
217,United States,313,11790069702.74441,23416932.90734824,328239523.0,14.7,270663028.0,344576.015,88.2,US,USA
218,United States,313,11790069702.74441,23416932.90734824,328239523.0,14.7,270663028.0,344576.015,88.2,US,USA
219,United States,313,11790069702.74441,23416932.90734824,328239523.0,14.7,270663028.0,344576.015,88.2,US,USA
220,United States,313,11790069702.74441,23416932.90734824,328239523.0,14.7,270663028.0,344576.015,88.2,US,USA
221,United States,313,11790069702.74441,23416932.90734824,328239523.0,14.7,270663028.0,344576.015,88.2,US,USA
222,United States,313,11790069702.74441,23416932.90734824,328239523.0,14.7,270663028.0,344576.015,88.2,US,USA
223,United States,313,11790069702.74441,23416932.90734824,328239523.0,14.7,270663028.0,344576.015,88.2,US,USA
224,United States,313,11790069702.74441,23416932.90734824,328239523.0,14.7,270663028.0,344576.015,88.2,US,USA
225,United States,313,11790069702.74441,23416932.90734824,328239523.0,14.7,270663028.0,344576.015,88.2,US,USA
226,United States,313,11790069702.74441,23416932.90734824,328239523.0,14.7,270663028.0,344576.015,88.2,US,USA
227,United States,313,11790069702.74441,23416932.90734824,328239523.0,14.7,270663028.0,344576.015,88.2,US,USA
228,United States,313,11790069702.74441,23416932.90734824,328239523.0,14.7,270663028.0,344576.015,88.2,US,USA
229,United States,313,11790069702.74441,23416932.90734824,328239523.0,14.7,270663028.0,344576.015,88.2,US,USA
230,United States,313,11790069702.74441,23416932.90734824,328239523.0,14.7,270663028.0,344576.015,88.2,US,USA
231,United States,313,11790069702.74441,23416932.90734824,328239523.0,14.7,270663028.0,344576.015,88.2,US,USA
232,United States,313,11790069702.74441,23416932.90734824,328239523.0,14.7,270663028.0,344576.015,88.2,US,USA
233,United States,313,11790069702.74441,23416932.90734824,328239523.0,14.7,270663028.0,344576.015,88.2,US,USA
234,United States,313,11790069702.74441,23416932.90734824,328239523.0,14.7,270663028.0,344576.015,88.2,US,USA
235,United States,313,11790069702.74441,23416932.90734824,328239523.0,14.7,270663028.0,344576.015,88.2,US,USA
236,United States,313,11790069702.74441,23416932.90734824,328239523.0,14.7,270663028.0,344576.015,88.2,US,USA
237,United States,313,11790069702.74441,23416932.90734824,328239523.0,14.7,270663028.0,344576.015,88.2,US,USA
238,United States,313,11790069702.74441,23416932.90734824,328239523.0,14.7,270663028.0,344576.015,88.2,US,USA
239,United States,313,11790069702.74441,23416932.90734824,328239523.0,14.7,270663028.0,344576.015,88.2,US,USA
240,United States,313,11790069702.74441,23416932.90734824,328239523.0,14.7,270663028.0,344576.015,88.2,US,USA
241,United States,313,11790069702.74441,23416932.90734824,328239523.0,14.7,270663028.0,344576.015,88.2,US,USA
242,United States,313,11790069702.74441,23416932.90734824,328239523.0,14.7,270663028.0,344576.015,88.2,US,USA
243,United States,313,11790069702.74441,23416932.90734824,328239523.0,14.7,270663028.0,344576.015,88.2,US,USA
244,United States,313,11790069702.74441,23416932.90734824,328239523.0,14.7,270663028.0,344576.015,88.2,US,USA
245,United States,313,11790069702.74441,23416932.90734824,328239523.0,14.7,270663028.0,344576.015,88.2,US,USA
246,United States,313,11790069702.74441,23416932.90734824,328239523.0,14.7,270663028.0,344576.015,88.2,US,USA
247,United States,313,11790069702.74441,23416932.90734824,328239523.0,14.7,270663028.0,344576.015,88.2,US,USA
248,United States,313,11790069702.74441,23416932.90734824,328239523.0,14.7,270663028.0,344576.015,88.2,US,USA
249,United States,313,11790069702.74441,23416932.90734824,328239523.0,14.7,270663028.0,344576.015,88.2,US,USA
250,United States,313,11790069702.74441,23416932.90734824,328239523.0,14.7,270663028.0,344576.015,88.2,US,USA
251,United States,313,11790069702.74441,23416932.90734824,328239523.0,14.7,270663028.0,344576.015,88.2,US,USA
252,United States,313,11790069702.74441,23416932.90734824,328239523.0,14.7,270663028.0,344576.015,88.2,US,USA
253,United States,313,11790069702.74441,23416932.90734824,328239523.0,14.7,270663028.0,344576.015,88.2,US,USA
254,United States,313,11790069702.74441,23416932.90734824,328239523.0,14.7,270663028.0,344576.015,88.2,US,USA
255,United States,313,11790069702.74441,23416932.90734824,328239523.0,14.7,270663028.0,344576.015,88.2,US,USA
256,United States,313,11790069702.74441,23416932.90734824,328239523.0,14.7,270663028.0,344576.015,88.2,US,USA
257,United States,313,11790069702.74441,23416932.90734824,328239523.0,14.7,270663028.0,344576.015,88.2,US,USA
258,United States,313,11790069702.74441,23416932.90734824,328239523.0,14.7,270663028.0,344576.015,88.2,US,USA
259,United States,313,11790069702.74441,23416932.90734824,328239523.0,14.7,270663028.0,344576.015,88.2,US,USA
260,United States,313,11790069702.74441,23416932.90734824,328239523.0,14.7,270663028.0,344576.015,88.2,US,USA
261,United States,313,11790069702.74441,23416932.90734824,328239523.0,14.7,270663028.0,344576.015,88.2,US,USA
262,United States,313,11790069702.74441,23416932.90734824,328239523.0,14.7,270663028.0,344576.015,88.2,US,USA
263,United States,313,11790069702.74441,23416932.90734824,328239523.0,14.7,270663028.0,344576.015,88.2,US,USA
264,United States,313,11790069702.74441,23416932.90734824,328239523.0,14.7,270663028.0,344576.015,88.2,US,USA
265,United States,313,11790069702.74441,23416932.90734824,328239523.0,14.7,270663028.0,344576.015,88.2,US,USA
266,United States,313,11790069702.74441,23416932.90734824,328239523.0,14.7,270663028.0,344576.015,88.2,US,USA
267,United States,313,11790069702.74441,23416932.90734824,328239523.0,14.7,270663028.0,344576.015,88.2,US,USA
268,United States,313,11790069702.74441,23416932.90734824,328239523.0,14.7,270663028.0,344576.015,88.2,US,USA
269,United States,313,11790069702.74441,23416932.90734824,328239523.0,14.7,270663028.0,344576.015,88.2,US,USA
270,United States,313,11790069702.74441,23416932.90734824,328239523.0,14.7,270663028.0,344576.015,88.2,US,USA
271,United States,313,11790069702.74441,23416932.90734824,328239523.0,14.7,270663028.0,344576.015,88.2,US,USA
272,United States,313,11790069702.74441,23416932.90734824,328239523.0,14.7,270663028.0,344576.015,88.2,US,USA
273,United States,313,11790069702.74441,23416932.90734824,328239523.0,14.7,270663028.0,344576.015,88.2,US,USA
274,United States,313,11790069702.74441,23416932.90734824,328239523.0,14.7,270663028.0,344576.015,88.2,US,USA
275,United States,313,11790069702.74441,23416932.90734824,328239523.0,14.7,270663028.0,344576.015,88.2,US,USA
276,United States,313,11790069702.74441,23416932.90734824,328239523.0,14.7,270663028.0,344576.015,88.2,US,USA
277,United States,313,11790069702.74441,23416932.90734824,328239523.0,14.7,270663028.0,344576.015,88.2,US,USA
278,United States,313,11790069702.74441,23416932.90734824,328239523.0,14.7,270663028.0,344576.015,88.2,US,USA
279,United States,313,11790069702.74441,23416932.90734824,328239523.0,14.7,270663028.0,344576.015,88.2,US,USA
280,United States,313,11790069702.74441,23416932.90734824,328239523.0,14.7,270663028.0,344576.015,88.2,US,USA
281,United States,313,11790069702.74441,23416932.90734824,328239523.0,14.7,270663028.0,344576.015,88.2,US,USA
282,United States,313,11790069702.74441,23416932.90734824,328239523.0,14.7,270663028.0,344576.015,88.2,US,USA
283,United States,313,11790069702.74441,23416932.90734824,328239523.0,14.7,270663028.0,344576.015,88.2,US,USA
284,United States,313,11790069702.74441,23416932.90734824,328239523.0,14.7,270663028.0,344576.015,88.2,US,USA
285,United States,313,11790069702.74441,23416932.90734824,328239523.0,14.7,270663028.0,344576.015,88.2,US,USA
286,United States,313,11790069702.74441,23416932.90734824,328239523.0,14.7,270663028.0,344576.015,88.2,US,USA
287,United States,313,11790069702.74441,23416932.90734824,328239523.0,14.7,270663028.0,344576.015,88.2,US,USA
288,United States,313,11790069702.74441,23416932.90734824,328239523.0,14.7,270663028.0,344576.015,88.2,US,USA
289,United States,313,11790069702.74441,23416932.90734824,328239523.0,14.7,270663028.0,344576.015,88.2,US,USA
290,United States,313,11790069702.74441,23416932.90734824,328239523.0,14.7,270663028.0,344576.015,88.2,US,USA
291,United States,313,11790069702.74441,23416932.90734824,328239523.0,14.7,270663028.0,344576.015,88.2,US,USA
292,United States,313,11790069702.74441,23416932.90734824,328239523.0,14.7,270663028.0,344576.015,88.2,US,USA
293,United States,313,11790069702.74441,23416932.90734824,328239523.0,14.7,270663028.0,344576.015,88.2,US,USA
294,United States,313,11790069702.74441,23416932.90734824,328239523.0,14.7,270663028.0,344576.015,88.2,US,USA
295,United States,313,11790069702.74441,23416932.90734824,328239523.0,14.7,270663028.0,344576.015,88.2,US,USA
296,United States,313,11790069702.74441,23416932.90734824,328239523.0,14.7,270663028.0,344576.015,88.2,US,USA
297,United States,313,11790069702.74441,23416932.90734824,328239523.0,14.7,270663028.0,344576.015,88.2,US,USA
298,United States,313,11790069702.74441,23416932.90734824,328239523.0,14.7,270663028.0,344576.015,88.2,US,USA
299,United States,313,11790069702.74441,23416932.90734824,328239523.0,14.7,270663028.0,344576.015,88.2,US,USA
300,United States,313,11790069702.74441,23416932.90734824,328239523.0,14.7,270663028.0,344576.015,88.2,US,USA
301,United States,313,11790069702.74441,23416932.90734824,328239523.0,14.7,270663028.0,344576.015,88.2,US,USA
302,United States,313,11790069702.74441,23416932.90734824,328239523.0,14.7,270663028.0,344576.015,88.2,US,USA
303,United States,313,11790069702.74441,23416932.90734824,328239523.0,14.7,270663028.0,344576.015,88.2,US,USA
304,United States,313,11790069702.74441,23416932.90734824,328239523.0,14.7,270663028.0,344576.015,88.2,US,USA
305,United States,313,11790069702.74441,23416932.90734824,328239523.0,14.7,270663028.0,344576.015,88.2,US,USA
306,United States,313,11790069702.74441,23416932.90734824,328239523.0,14.7,270663028.0,344576.015,88.2,US,USA
307,United States,313,11790069702.74441,23416932.90734824,328239523.0,14.7,270663028.0,344576.015,88.2,US,USA
308,United States,313,11790069702.74441,23416932.90734824,328239523.0,14.7,270663028.0,344576.015,88.2,US,USA
309,United States,313,11790069702.74441,23416932.90734824,328239523.0,14.7,270663028.0,344576.015,88.2,US,USA
310,United States,313,11790069702.74441,23416932.90734824,328239523.0,14.7,270663028.0,344576.015,88.2,US,USA
311,United States,313,11790069702.74441,23416932.90734824,328239523.0,14.7,270663028.0,344576.015,88.2,US,USA
312,United States,313,11790069702.74441,23416932.90734824,328239523.0,14.7,270663028.0,344576.015,88.2,US,USA
313,India,168,13577668900.02381,25658333.333333332,1366417754.0,5.36,471031528.0,392638.8888888889,28.1,IN,IND
314,India,168,13577668900.02381,25658333.333333332,1366417754.0,5.36,471031528.0,392638.8888888889,28.1,IN,IND
315,India,168,13577668900.02381,25658333.333333332,1366417754.0,5.36,471031528.0,392638.8888888889,28.1,IN,IND
316,India,168,13577668900.02381,25658333.333333332,1366417754.0,5.36,471031528.0,392638.8888888889,28.1,IN,IND
317,India,168,13577668900.02381,25658333.333333332,1366417754.0,5.36,471031528.0,392638.8888888889,28.1,IN,IND
318,India,168,13577668900.02381,25658333.333333332,1366417754.0,5.36,471031528.0,392638.8888888889,28.1,IN,IND
319,India,168,13577668900.02381,25658333.333333332,1366417754.0,5.36,471031528.0,392638.8888888889,28.1,IN,IND
320,India,168,13577668900.02381,25658333.333333332,1366417754.0,5.36,471031528.0,392638.8888888889,28.1,IN,IND
321,India,168,13577668900.02381,25658333.333333332,1366417754.0,5.36,471031528.0,392638.8888888889,28.1,IN,IND
322,India,168,13577668900.02381,25658333.333333332,1366417754.0,5.36,471031528.0,392638.8888888889,28.1,IN,IND
323,India,168,13577668900.02381,25658333.333333332,1366417754.0,5.36,471031528.0,392638.8888888889,28.1,IN,IND
324,India,168,13577668900.02381,25658333.333333332,1366417754.0,5.36,471031528.0,392638.8888888889,28.1,IN,IND
325,India,168,13577668900.02381,25658333.333333332,1366417754.0,5.36,471031528.0,392638.8888888889,28.1,IN,IND
326,India,168,13577668900.02381,25658333.333333332,1366417754.0,5.36,471031528.0,392638.8888888889,28.1,IN,IND
327,India,168,13577668900.02381,25658333.333333332,1366417754.0,5.36,471031528.0,392638.8888888889,28.1,IN,IND
328,India,168,13577668900.02381,25658333.333333332,1366417754.0,5.36,471031528.0,392638.8888888889,28.1,IN,IND
329,India,168,13577668900.02381,25658333.333333332,1366417754.0,5.36,471031528.0,392638.8888888889,28.1,IN,IND
330,India,168,13577668900.02381,25658333.333333332,1366417754.0,5.36,471031528.0,392638.8888888889,28.1,IN,IND
331,India,168,13577668900.02381,25658333.333333332,1366417754.0,5.36,471031528.0,392638.8888888889,28.1,IN,IND
332,India,168,13577668900.02381,25658333.333333332,1366417754.0,5.36,471031528.0,392638.8888888889,28.1,IN,IND
333,India,168,13577668900.02381,25658333.333333332,1366417754.0,5.36,471031528.0,392638.8888888889,28.1,IN,IND
334,India,168,13577668900.02381,25658333.333333332,1366417754.0,5.36,471031528.0,392638.8888888889,28.1,IN,IND
335,India,168,13577668900.02381,25658333.333333332,1366417754.0,5.36,471031528.0,392638.8888888889,28.1,IN,IND
336,India,168,13577668900.02381,25658333.333333332,1366417754.0,5.36,471031528.0,392638.8888888889,28.1,IN,IND
337,India,168,13577668900.02381,25658333.333333332,1366417754.0,5.36,471031528.0,392638.8888888889,28.1,IN,IND
338,India,168,13577668900.02381,25658333.333333332,1366417754.0,5.36,471031528.0,392638.8888888889,28.1,IN,IND
339,India,168,13577668900.02381,25658333.333333332,1366417754.0,5.36,471031528.0,392638.8888888889,28.1,IN,IND
340,India,168,13577668900.02381,25658333.333333332,1366417754.0,5.36,471031528.0,392638.8888888889,28.1,IN,IND
341,India,168,13577668900.02381,25658333.333333332,1366417754.0,5.36,471031528.0,392638.8888888889,28.1,IN,IND
342,India,168,13577668900.02381,25658333.333333332,1366417754.0,5.36,471031528.0,392638.8888888889,28.1,IN,IND
343,India,168,13577668900.02381,25658333.333333332,1366417754.0,5.36,471031528.0,392638.8888888889,28.1,IN,IND
344,India,168,13577668900.02381,25658333.333333332,1366417754.0,5.36,471031528.0,392638.8888888889,28.1,IN,IND
345,India,168,13577668900.02381,25658333.333333332,1366417754.0,5.36,471031528.0,392638.8888888889,28.1,IN,IND
346,India,168,13577668900.02381,25658333.333333332,1366417754.0,5.36,471031528.0,392638.8888888889,28.1,IN,IND
347,India,168,13577668900.02381,25658333.333333332,1366417754.0,5.36,471031528.0,392638.8888888889,28.1,IN,IND
348,India,168,13577668900.02381,25658333.333333332,1366417754.0,5.36,471031528.0,392638.8888888889,28.1,IN,IND
349,India,168,13577668900.02381,25658333.333333332,1366417754.0,5.36,471031528.0,392638.8888888889,28.1,IN,IND
350,India,168,13577668900.02381,25658333.333333332,1366417754.0,5.36,471031528.0,392638.8888888889,28.1,IN,IND
351,India,168,13577668900.02381,25658333.333333332,1366417754.0,5.36,471031528.0,392638.8888888889,28.1,IN,IND
352,India,168,13577668900.02381,25658333.333333332,1366417754.0,5.36,471031528.0,392638.8888888889,28.1,IN,IND
353,India,168,13577668900.02381,25658333.333333332,1366417754.0,5.36,471031528.0,392638.8888888889,28.1,IN,IND
354,India,168,13577668900.02381,25658333.333333332,1366417754.0,5.36,471031528.0,392638.8888888889,28.1,IN,IND
355,India,168,13577668900.02381,25658333.333333332,1366417754.0,5.36,471031528.0,392638.8888888889,28.1,IN,IND
356,India,168,13577668900.02381,25658333.333333332,1366417754.0,5.36,471031528.0,392638.8888888889,28.1,IN,IND
357,India,168,13577668900.02381,25658333.333333332,1366417754.0,5.36,471031528.0,392638.8888888889,28.1,IN,IND
358,India,168,13577668900.02381,25658333.333333332,1366417754.0,5.36,471031528.0,392638.8888888889,28.1,IN,IND
359,India,168,13577668900.02381,25658333.333333332,1366417754.0,5.36,471031528.0,392638.8888888889,28.1,IN,IND
360,India,168,13577668900.02381,25658333.333333332,1366417754.0,5.36,471031528.0,392638.8888888889,28.1,IN,IND
361,India,168,13577668900.02381,25658333.333333332,1366417754.0,5.36,471031528.0,392638.8888888889,28.1,IN,IND
362,India,168,13577668900.02381,25658333.333333332,1366417754.0,5.36,471031528.0,392638.8888888889,28.1,IN,IND
363,India,168,13577668900.02381,25658333.333333332,1366417754.0,5.36,471031528.0,392638.8888888889,28.1,IN,IND
364,India,168,13577668900.02381,25658333.333333332,1366417754.0,5.36,471031528.0,392638.8888888889,28.1,IN,IND
365,India,168,13577668900.02381,25658333.333333332,1366417754.0,5.36,471031528.0,392638.8888888889,28.1,IN,IND
366,India,168,13577668900.02381,25658333.333333332,1366417754.0,5.36,471031528.0,392638.8888888889,28.1,IN,IND
367,India,168,13577668900.02381,25658333.333333332,1366417754.0,5.36,471031528.0,392638.8888888889,28.1,IN,IND
368,India,168,13577668900.02381,25658333.333333332,1366417754.0,5.36,471031528.0,392638.8888888889,28.1,IN,IND
369,India,168,13577668900.02381,25658333.333333332,1366417754.0,5.36,471031528.0,392638.8888888889,28.1,IN,IND
370,India,168,13577668900.02381,25658333.333333332,1366417754.0,5.36,471031528.0,392638.8888888889,28.1,IN,IND
371,India,168,13577668900.02381,25658333.333333332,1366417754.0,5.36,471031528.0,392638.8888888889,28.1,IN,IND
372,India,168,13577668900.02381,25658333.333333332,1366417754.0,5.36,471031528.0,392638.8888888889,28.1,IN,IND
373,India,168,13577668900.02381,25658333.333333332,1366417754.0,5.36,471031528.0,392638.8888888889,28.1,IN,IND
374,India,168,13577668900.02381,25658333.333333332,1366417754.0,5.36,471031528.0,392638.8888888889,28.1,IN,IND
375,India,168,13577668900.02381,25658333.333333332,1366417754.0,5.36,471031528.0,392638.8888888889,28.1,IN,IND
376,India,168,13577668900.02381,25658333.333333332,1366417754.0,5.36,471031528.0,392638.8888888889,28.1,IN,IND
377,India,168,13577668900.02381,25658333.333333332,1366417754.0,5.36,471031528.0,392638.8888888889,28.1,IN,IND
378,India,168,13577668900.02381,25658333.333333332,1366417754.0,5.36,471031528.0,392638.8888888889,28.1,IN,IND
379,India,168,13577668900.02381,25658333.333333332,1366417754.0,5.36,471031528.0,392638.8888888889,28.1,IN,IND
380,India,168,13577668900.02381,25658333.333333332,1366417754.0,5.36,471031528.0,392638.8888888889,28.1,IN,IND
381,India,168,13577668900.02381,25658333.333333332,1366417754.0,5.36,471031528.0,392638.8888888889,28.1,IN,IND
382,India,168,13577668900.02381,25658333.333333332,1366417754.0,5.36,471031528.0,392638.8888888889,28.1,IN,IND
383,India,168,13577668900.02381,25658333.333333332,1366417754.0,5.36,471031528.0,392638.8888888889,28.1,IN,IND
384,India,168,13577668900.02381,25658333.333333332,1366417754.0,5.36,471031528.0,392638.8888888889,28.1,IN,IND
385,India,168,13577668900.02381,25658333.333333332,1366417754.0,5.36,471031528.0,392638.8888888889,28.1,IN,IND
386,India,168,13577668900.02381,25658333.333333332,1366417754.0,5.36,471031528.0,392638.8888888889,28.1,IN,IND
387,India,168,13577668900.02381,25658333.333333332,1366417754.0,5.36,471031528.0,392638.8888888889,28.1,IN,IND
388,India,168,13577668900.02381,25658333.333333332,1366417754.0,5.36,471031528.0,392638.8888888889,28.1,IN,IND
389,India,168,13577668900.02381,25658333.333333332,1366417754.0,5.36,471031528.0,392638.8888888889,28.1,IN,IND
390,India,168,13577668900.02381,25658333.333333332,1366417754.0,5.36,471031528.0,392638.8888888889,28.1,IN,IND
391,India,168,13577668900.02381,25658333.333333332,1366417754.0,5.36,471031528.0,392638.8888888889,28.1,IN,IND
392,India,168,13577668900.02381,25658333.333333332,1366417754.0,5.36,471031528.0,392638.8888888889,28.1,IN,IND
393,India,168,13577668900.02381,25658333.333333332,1366417754.0,5.36,471031528.0,392638.8888888889,28.1,IN,IND
394,India,168,13577668900.02381,25658333.333333332,1366417754.0,5.36,471031528.0,392638.8888888889,28.1,IN,IND
395,India,168,13577668900.02381,25658333.333333332,1366417754.0,5.36,471031528.0,392638.8888888889,28.1,IN,IND
396,India,168,13577668900.02381,25658333.333333332,1366417754.0,5.36,471031528.0,392638.8888888889,28.1,IN,IND
397,India,168,13577668900.02381,25658333.333333332,1366417754.0,5.36,471031528.0,392638.8888888889,28.1,IN,IND
398,India,168,13577668900.02381,25658333.333333332,1366417754.0,5.36,471031528.0,392638.8888888889,28.1,IN,IND
399,India,168,13577668900.02381,25658333.333333332,1366417754.0,5.36,471031528.0,392638.8888888889,28.1,IN,IND
400,India,168,13577668900.02381,25658333.333333332,1366417754.0,5.36,471031528.0,392638.8888888889,28.1,IN,IND
401,India,168,13577668900.02381,25658333.333333332,1366417754.0,5.36,471031528.0,392638.8888888889,28.1,IN,IND
402,India,168,13577668900.02381,25658333.333333332,1366417754.0,5.36,471031528.0,392638.8888888889,28.1,IN,IND
403,India,168,13577668900.02381,25658333.333333332,1366417754.0,5.36,471031528.0,392638.8888888889,28.1,IN,IND
404,India,168,13577668900.02381,25658333.333333332,1366417754.0,5.36,471031528.0,392638.8888888889,28.1,IN,IND
405,India,168,13577668900.02381,25658333.333333332,1366417754.0,5.36,471031528.0,392638.8888888889,28.1,IN,IND
406,India,168,13577668900.02381,25658333.333333332,1366417754.0,5.36,471031528.0,392638.8888888889,28.1,IN,IND
407,India,168,13577668900.02381,25658333.333333332,1366417754.0,5.36,471031528.0,392638.8888888889,28.1,IN,IND
408,India,168,13577668900.02381,25658333.333333332,1366417754.0,5.36,471031528.0,392638.8888888889,28.1,IN,IND
409,India,168,13577668900.02381,25658333.333333332,1366417754.0,5.36,471031528.0,392638.8888888889,28.1,IN,IND
410,India,168,13577668900.02381,25658333.333333332,1366417754.0,5.36,471031528.0,392638.8888888889,28.1,IN,IND
411,India,168,13577668900.02381,25658333.333333332,1366417754.0,5.36,471031528.0,392638.8888888889,28.1,IN,IND
412,India,168,13577668900.02381,25658333.333333332,1366417754.0,5.36,471031528.0,392638.8888888889,28.1,IN,IND
413,India,168,13577668900.02381,25658333.333333332,1366417754.0,5.36,471031528.0,392638.8888888889,28.1,IN,IND
414,India,168,13577668900.02381,25658333.333333332,1366417754.0,5.36,471031528.0,392638.8888888889,28.1,IN,IND
415,India,168,13577668900.02381,25658333.333333332,1366417754.0,5.36,471031528.0,392638.8888888889,28.1,IN,IND
416,India,168,13577668900.02381,25658333.333333332,1366417754.0,5.36,471031528.0,392638.8888888889,28.1,IN,IND
417,India,168,13577668900.02381,25658333.333333332,1366417754.0,5.36,471031528.0,392638.8888888889,28.1,IN,IND
418,India,168,13577668900.02381,25658333.333333332,1366417754.0,5.36,471031528.0,392638.8888888889,28.1,IN,IND
419,India,168,13577668900.02381,25658333.333333332,1366417754.0,5.36,471031528.0,392638.8888888889,28.1,IN,IND
420,India,168,13577668900.02381,25658333.333333332,1366417754.0,5.36,471031528.0,392638.8888888889,28.1,IN,IND
421,India,168,13577668900.02381,25658333.333333332,1366417754.0,5.36,471031528.0,392638.8888888889,28.1,IN,IND
422,India,168,13577668900.02381,25658333.333333332,1366417754.0,5.36,471031528.0,392638.8888888889,28.1,IN,IND
423,India,168,13577668900.02381,25658333.333333332,1366417754.0,5.36,471031528.0,392638.8888888889,28.1,IN,IND
424,India,168,13577668900.02381,25658333.333333332,1366417754.0,5.36,471031528.0,392638.8888888889,28.1,IN,IND
425,India,168,13577668900.02381,25658333.333333332,1366417754.0,5.36,471031528.0,392638.8888888889,28.1,IN,IND
426,India,168,13577668900.02381,25658333.333333332,1366417754.0,5.36,471031528.0,392638.8888888889,28.1,IN,IND
427,India,168,13577668900.02381,25658333.333333332,1366417754.0,5.36,471031528.0,392638.8888888889,28.1,IN,IND
428,India,168,13577668900.02381,25658333.333333332,1366417754.0,5.36,471031528.0,392638.8888888889,28.1,IN,IND
429,India,168,13577668900.02381,25658333.333333332,1366417754.0,5.36,471031528.0,392638.8888888889,28.1,IN,IND
430,India,168,13577668900.02381,25658333.333333332,1366417754.0,5.36,471031528.0,392638.8888888889,28.1,IN,IND
431,India,168,13577668900.02381,25658333.333333332,1366417754.0,5.36,471031528.0,392638.8888888889,28.1,IN,IND
432,India,168,13577668900.02381,25658333.333333332,1366417754.0,5.36,471031528.0,392638.8888888889,28.1,IN,IND
433,India,168,13577668900.02381,25658333.333333332,1366417754.0,5.36,471031528.0,392638.8888888889,28.1,IN,IND
434,India,168,13577668900.02381,25658333.333333332,1366417754.0,5.36,471031528.0,392638.8888888889,28.1,IN,IND
435,India,168,13577668900.02381,25658333.333333332,1366417754.0,5.36,471031528.0,392638.8888888889,28.1,IN,IND
436,India,168,13577668900.02381,25658333.333333332,1366417754.0,5.36,471031528.0,392638.8888888889,28.1,IN,IND
437,India,168,13577668900.02381,25658333.333333332,1366417754.0,5.36,471031528.0,392638.8888888889,28.1,IN,IND
438,India,168,13577668900.02381,25658333.333333332,1366417754.0,5.36,471031528.0,392638.8888888889,28.1,IN,IND
439,India,168,13577668900.02381,25658333.333333332,1366417754.0,5.36,471031528.0,392638.8888888889,28.1,IN,IND
440,India,168,13577668900.02381,25658333.333333332,1366417754.0,5.36,471031528.0,392638.8888888889,28.1,IN,IND
441,India,168,13577668900.02381,25658333.333333332,1366417754.0,5.36,471031528.0,392638.8888888889,28.1,IN,IND
442,India,168,13577668900.02381,25658333.333333332,1366417754.0,5.36,471031528.0,392638.8888888889,28.1,IN,IND
443,India,168,13577668900.02381,25658333.333333332,1366417754.0,5.36,471031528.0,392638.8888888889,28.1,IN,IND
444,India,168,13577668900.02381,25658333.333333332,1366417754.0,5.36,471031528.0,392638.8888888889,28.1,IN,IND
445,India,168,13577668900.02381,25658333.333333332,1366417754.0,5.36,471031528.0,392638.8888888889,28.1,IN,IND
446,India,168,13577668900.02381,25658333.333333332,1366417754.0,5.36,471031528.0,392638.8888888889,28.1,IN,IND
447,India,168,13577668900.02381,25658333.333333332,1366417754.0,5.36,471031528.0,392638.8888888889,28.1,IN,IND
448,India,168,13577668900.02381,25658333.333333332,1366417754.0,5.36,471031528.0,392638.8888888889,28.1,IN,IND
449,India,168,13577668900.02381,25658333.333333332,1366417754.0,5.36,471031528.0,392638.8888888889,28.1,IN,IND
450,India,168,13577668900.02381,25658333.333333332,1366417754.0,5.36,471031528.0,392638.8888888889,28.1,IN,IND
451,India,168,13577668900.02381,25658333.333333332,1366417754.0,5.36,471031528.0,392638.8888888889,28.1,IN,IND
452,India,168,13577668900.02381,25658333.333333332,1366417754.0,5.36,471031528.0,392638.8888888889,28.1,IN,IND
453,India,168,13577668900.02381,25658333.333333332,1366417754.0,5.36,471031528.0,392638.8888888889,28.1,IN,IND
454,India,168,13577668900.02381,25658333.333333332,1366417754.0,5.36,471031528.0,392638.8888888889,28.1,IN,IND
455,India,168,13577668900.02381,25658333.333333332,1366417754.0,5.36,471031528.0,392638.8888888889,28.1,IN,IND
456,India,168,13577668900.02381,25658333.333333332,1366417754.0,5.36,471031528.0,392638.8888888889,28.1,IN,IND
457,India,168,13577668900.02381,25658333.333333332,1366417754.0,5.36,471031528.0,392638.8888888889,28.1,IN,IND
458,India,168,13577668900.02381,25658333.333333332,1366417754.0,5.36,471031528.0,392638.8888888889,28.1,IN,IND
459,India,168,13577668900.02381,25658333.333333332,1366417754.0,5.36,471031528.0,392638.8888888889,28.1,IN,IND
460,India,168,13577668900.02381,25658333.333333332,1366417754.0,5.36,471031528.0,392638.8888888889,28.1,IN,IND
461,India,168,13577668900.02381,25658333.333333332,1366417754.0,5.36,471031528.0,392638.8888888889,28.1,IN,IND
462,India,168,13577668900.02381,25658333.333333332,1366417754.0,5.36,471031528.0,392638.8888888889,28.1,IN,IND
463,India,168,13577668900.02381,25658333.333333332,1366417754.0,5.36,471031528.0,392638.8888888889,28.1,IN,IND
464,India,168,13577668900.02381,25658333.333333332,1366417754.0,5.36,471031528.0,392638.8888888889,28.1,IN,IND
465,India,168,13577668900.02381,25658333.333333332,1366417754.0,5.36,471031528.0,392638.8888888889,28.1,IN,IND
466,India,168,13577668900.02381,25658333.333333332,1366417754.0,5.36,471031528.0,392638.8888888889,28.1,IN,IND
467,India,168,13577668900.02381,25658333.333333332,1366417754.0,5.36,471031528.0,392638.8888888889,28.1,IN,IND
468,India,168,13577668900.02381,25658333.333333332,1366417754.0,5.36,471031528.0,392638.8888888889,28.1,IN,IND
469,India,168,13577668900.02381,25658333.333333332,1366417754.0,5.36,471031528.0,392638.8888888889,28.1,IN,IND
470,India,168,13577668900.02381,25658333.333333332,1366417754.0,5.36,471031528.0,392638.8888888889,28.1,IN,IND
471,India,168,13577668900.02381,25658333.333333332,1366417754.0,5.36,471031528.0,392638.8888888889,28.1,IN,IND
472,India,168,13577668900.02381,25658333.333333332,1366417754.0,5.36,471031528.0,392638.8888888889,28.1,IN,IND
473,India,168,13577668900.02381,25658333.333333332,1366417754.0,5.36,471031528.0,392638.8888888889,28.1,IN,IND
474,India,168,13577668900.02381,25658333.333333332,1366417754.0,5.36,471031528.0,392638.8888888889,28.1,IN,IND
475,India,168,13577668900.02381,25658333.333333332,1366417754.0,5.36,471031528.0,392638.8888888889,28.1,IN,IND
476,India,168,13577668900.02381,25658333.333333332,1366417754.0,5.36,471031528.0,392638.8888888889,28.1,IN,IND
477,India,168,13577668900.02381,25658333.333333332,1366417754.0,5.36,471031528.0,392638.8888888889,28.1,IN,IND
478,India,168,13577668900.02381,25658333.333333332,1366417754.0,5.36,471031528.0,392638.8888888889,28.1,IN,IND
479,India,168,13577668900.02381,25658333.333333332,1366417754.0,5.36,471031528.0,392638.8888888889,28.1,IN,IND
480,India,168,13577668900.02381,25658333.333333332,1366417754.0,5.36,471031528.0,392638.8888888889,28.1,IN,IND
481,Brazil,62,7761435068.82258,19706451.612903226,212559417.0,12.08,183241641.0,218181.81818181818,51.3,BR,BRA
482,Brazil,62,7761435068.82258,19706451.612903226,212559417.0,12.08,183241641.0,218181.81818181818,51.3,BR,BRA
483,Brazil,62,7761435068.82258,19706451.612903226,212559417.0,12.08,183241641.0,218181.81818181818,51.3,BR,BRA
484,Brazil,62,7761435068.82258,19706451.612903226,212559417.0,12.08,183241641.0,218181.81818181818,51.3,BR,BRA
485,Brazil,62,7761435068.82258,19706451.612903226,212559417.0,12.08,183241641.0,218181.81818181818,51.3,BR,BRA
486,Brazil,62,7761435068.82258,19706451.612903226,212559417.0,12.08,183241641.0,218181.81818181818,51.3,BR,BRA
487,Brazil,62,7761435068.82258,19706451.612903226,212559417.0,12.08,183241641.0,218181.81818181818,51.3,BR,BRA
488,Brazil,62,7761435068.82258,19706451.612903226,212559417.0,12.08,183241641.0,218181.81818181818,51.3,BR,BRA
489,Brazil,62,7761435068.82258,19706451.612903226,212559417.0,12.08,183241641.0,218181.81818181818,51.3,BR,BRA
490,Brazil,62,7761435068.82258,19706451.612903226,212559417.0,12.08,183241641.0,218181.81818181818,51.3,BR,BRA
491,Brazil,62,7761435068.82258,19706451.612903226,212559417.0,12.08,183241641.0,218181.81818181818,51.3,BR,BRA
492,Brazil,62,7761435068.82258,19706451.612903226,212559417.0,12.08,183241641.0,218181.81818181818,51.3,BR,BRA
493,Brazil,62,7761435068.82258,19706451.612903226,212559417.0,12.08,183241641.0,218181.81818181818,51.3,BR,BRA
494,Brazil,62,7761435068.82258,19706451.612903226,212559417.0,12.08,183241641.0,218181.81818181818,51.3,BR,BRA
495,Brazil,62,7761435068.82258,19706451.612903226,212559417.0,12.08,183241641.0,218181.81818181818,51.3,BR,BRA
496,Brazil,62,7761435068.82258,19706451.612903226,212559417.0,12.08,183241641.0,218181.81818181818,51.3,BR,BRA
497,Brazil,62,7761435068.82258,19706451.612903226,212559417.0,12.08,183241641.0,218181.81818181818,51.3,BR,BRA
498,Brazil,62,7761435068.82258,19706451.612903226,212559417.0,12.08,183241641.0,218181.81818181818,51.3,BR,BRA
499,Brazil,62,7761435068.82258,19706451.612903226,212559417.0,12.08,183241641.0,218181.81818181818,51.3,BR,BRA
500,Brazil,62,7761435068.82258,19706451.612903226,212559417.0,12.08,183241641.0,218181.81818181818,51.3,BR,BRA
501,Brazil,62,7761435068.82258,19706451.612903226,212559417.0,12.08,183241641.0,218181.81818181818,51.3,BR,BRA
502,Brazil,62,7761435068.82258,19706451.612903226,212559417.0,12.08,183241641.0,218181.81818181818,51.3,BR,BRA
503,Brazil,62,7761435068.82258,19706451.612903226,212559417.0,12.08,183241641.0,218181.81818181818,51.3,BR,BRA
504,Brazil,62,7761435068.82258,19706451.612903226,212559417.0,12.08,183241641.0,218181.81818181818,51.3,BR,BRA
505,Brazil,62,7761435068.82258,19706451.612903226,212559417.0,12.08,183241641.0,218181.81818181818,51.3,BR,BRA
506,Brazil,62,7761435068.82258,19706451.612903226,212559417.0,12.08,183241641.0,218181.81818181818,51.3,BR,BRA
507,Brazil,62,7761435068.82258,19706451.612903226,212559417.0,12.08,183241641.0,218181.81818181818,51.3,BR,BRA
508,Brazil,62,7761435068.82258,19706451.612903226,212559417.0,12.08,183241641.0,218181.81818181818,51.3,BR,BRA
509,Brazil,62,7761435068.82258,19706451.612903226,212559417.0,12.08,183241641.0,218181.81818181818,51.3,BR,BRA
510,Brazil,62,7761435068.82258,19706451.612903226,212559417.0,12.08,183241641.0,218181.81818181818,51.3,BR,BRA
511,Brazil,62,7761435068.82258,19706451.612903226,212559417.0,12.08,183241641.0,218181.81818181818,51.3,BR,BRA
512,Brazil,62,7761435068.82258,19706451.612903226,212559417.0,12.08,183241641.0,218181.81818181818,51.3,BR,BRA
513,Brazil,62,7761435068.82258,19706451.612903226,212559417.0,12.08,183241641.0,218181.81818181818,51.3,BR,BRA
514,Brazil,62,7761435068.82258,19706451.612903226,212559417.0,12.08,183241641.0,218181.81818181818,51.3,BR,BRA
515,Brazil,62,7761435068.82258,19706451.612903226,212559417.0,12.08,183241641.0,218181.81818181818,51.3,BR,BRA
516,Brazil,62,7761435068.82258,19706451.612903226,212559417.0,12.08,183241641.0,218181.81818181818,51.3,BR,BRA
517,Brazil,62,7761435068.82258,19706451.612903226,212559417.0,12.08,183241641.0,218181.81818181818,51.3,BR,BRA
518,Brazil,62,7761435068.82258,19706451.612903226,212559417.0,12.08,183241641.0,218181.81818181818,51.3,BR,BRA
519,Brazil,62,7761435068.82258,19706451.612903226,212559417.0,12.08,183241641.0,218181.81818181818,51.3,BR,BRA
520,Brazil,62,7761435068.82258,19706451.612903226,212559417.0,12.08,183241641.0,218181.81818181818,51.3,BR,BRA
521,Brazil,62,7761435068.82258,19706451.612903226,212559417.0,12.08,183241641.0,218181.81818181818,51.3,BR,BRA
522,Brazil,62,7761435068.82258,19706451.612903226,212559417.0,12.08,183241641.0,218181.81818181818,51.3,BR,BRA
523,Brazil,62,7761435068.82258,19706451.612903226,212559417.0,12.08,183241641.0,218181.81818181818,51.3,BR,BRA
524,Brazil,62,7761435068.82258,19706451.612903226,212559417.0,12.08,183241641.0,218181.81818181818,51.3,BR,BRA
525,Brazil,62,7761435068.82258,19706451.612903226,212559417.0,12.08,183241641.0,218181.81818181818,51.3,BR,BRA
526,Brazil,62,7761435068.82258,19706451.612903226,212559417.0,12.08,183241641.0,218181.81818181818,51.3,BR,BRA
527,Brazil,62,7761435068.82258,19706451.612903226,212559417.0,12.08,183241641.0,218181.81818181818,51.3,BR,BRA
528,Brazil,62,7761435068.82258,19706451.612903226,212559417.0,12.08,183241641.0,218181.81818181818,51.3,BR,BRA
529,Brazil,62,7761435068.82258,19706451.612903226,212559417.0,12.08,183241641.0,218181.81818181818,51.3,BR,BRA
530,Brazil,62,7761435068.82258,19706451.612903226,212559417.0,12.08,183241641.0,218181.81818181818,51.3,BR,BRA
531,Brazil,62,7761435068.82258,19706451.612903226,212559417.0,12.08,183241641.0,218181.81818181818,51.3,BR,BRA
532,Brazil,62,7761435068.82258,19706451.612903226,212559417.0,12.08,183241641.0,218181.81818181818,51.3,BR,BRA
533,Brazil,62,7761435068.82258,19706451.612903226,212559417.0,12.08,183241641.0,218181.81818181818,51.3,BR,BRA
534,Brazil,62,7761435068.82258,19706451.612903226,212559417.0,12.08,183241641.0,218181.81818181818,51.3,BR,BRA
535,Brazil,62,7761435068.82258,19706451.612903226,212559417.0,12.08,183241641.0,218181.81818181818,51.3,BR,BRA
536,Brazil,62,7761435068.82258,19706451.612903226,212559417.0,12.08,183241641.0,218181.81818181818,51.3,BR,BRA
537,Brazil,62,7761435068.82258,19706451.612903226,212559417.0,12.08,183241641.0,218181.81818181818,51.3,BR,BRA
538,Brazil,62,7761435068.82258,19706451.612903226,212559417.0,12.08,183241641.0,218181.81818181818,51.3,BR,BRA
539,Brazil,62,7761435068.82258,19706451.612903226,212559417.0,12.08,183241641.0,218181.81818181818,51.3,BR,BRA
540,Brazil,62,7761435068.82258,19706451.612903226,212559417.0,12.08,183241641.0,218181.81818181818,51.3,BR,BRA
541,Brazil,62,7761435068.82258,19706451.612903226,212559417.0,12.08,183241641.0,218181.81818181818,51.3,BR,BRA
542,Brazil,62,7761435068.82258,19706451.612903226,212559417.0,12.08,183241641.0,218181.81818181818,51.3,BR,BRA
543,United Kingdom,43,10013175153.67442,21334883.720930234,66834405.0,3.85,55908316.0,177819.62962962964,60.0,GB,GBR
544,United Kingdom,43,10013175153.67442,21334883.720930234,66834405.0,3.85,55908316.0,177819.62962962964,60.0,GB,GBR
545,United Kingdom,43,10013175153.67442,21334883.720930234,66834405.0,3.85,55908316.0,177819.62962962964,60.0,GB,GBR
546,United Kingdom,43,10013175153.67442,21334883.720930234,66834405.0,3.85,55908316.0,177819.62962962964,60.0,GB,GBR
547,United Kingdom,43,10013175153.67442,21334883.720930234,66834405.0,3.85,55908316.0,177819.62962962964,60.0,GB,GBR
548,United Kingdom,43,10013175153.67442,21334883.720930234,66834405.0,3.85,55908316.0,177819.62962962964,60.0,GB,GBR
549,United Kingdom,43,10013175153.67442,21334883.720930234,66834405.0,3.85,55908316.0,177819.62962962964,60.0,GB,GBR
550,United Kingdom,43,10013175153.67442,21334883.720930234,66834405.0,3.85,55908316.0,177819.62962962964,60.0,GB,GBR
551,United Kingdom,43,10013175153.67442,21334883.720930234,66834405.0,3.85,55908316.0,177819.62962962964,60.0,GB,GBR
552,United Kingdom,43,10013175153.67442,21334883.720930234,66834405.0,3.85,55908316.0,177819.62962962964,60.0,GB,GBR
553,United Kingdom,43,10013175153.67442,21334883.720930234,66834405.0,3.85,55908316.0,177819.62962962964,60.0,GB,GBR
554,United Kingdom,43,10013175153.67442,21334883.720930234,66834405.0,3.85,55908316.0,177819.62962962964,60.0,GB,GBR
555,United Kingdom,43,10013175153.67442,21334883.720930234,66834405.0,3.85,55908316.0,177819.62962962964,60.0,GB,GBR
556,United Kingdom,43,10013175153.67442,21334883.720930234,66834405.0,3.85,55908316.0,177819.62962962964,60.0,GB,GBR
557,United Kingdom,43,10013175153.67442,21334883.720930234,66834405.0,3.85,55908316.0,177819.62962962964,60.0,GB,GBR
558,United Kingdom,43,10013175153.67442,21334883.720930234,66834405.0,3.85,55908316.0,177819.62962962964,60.0,GB,GBR
559,United Kingdom,43,10013175153.67442,21334883.720930234,66834405.0,3.85,55908316.0,177819.62962962964,60.0,GB,GBR
560,United Kingdom,43,10013175153.67442,21334883.720930234,66834405.0,3.85,55908316.0,177819.62962962964,60.0,GB,GBR
561,United Kingdom,43,10013175153.67442,21334883.720930234,66834405.0,3.85,55908316.0,177819.62962962964,60.0,GB,GBR
562,United Kingdom,43,10013175153.67442,21334883.720930234,66834405.0,3.85,55908316.0,177819.62962962964,60.0,GB,GBR
563,United Kingdom,43,10013175153.67442,21334883.720930234,66834405.0,3.85,55908316.0,177819.62962962964,60.0,GB,GBR
564,United Kingdom,43,10013175153.67442,21334883.720930234,66834405.0,3.85,55908316.0,177819.62962962964,60.0,GB,GBR
565,United Kingdom,43,10013175153.67442,21334883.720930234,66834405.0,3.85,55908316.0,177819.62962962964,60.0,GB,GBR
566,United Kingdom,43,10013175153.67442,21334883.720930234,66834405.0,3.85,55908316.0,177819.62962962964,60.0,GB,GBR
567,United Kingdom,43,10013175153.67442,21334883.720930234,66834405.0,3.85,55908316.0,177819.62962962964,60.0,GB,GBR
568,United Kingdom,43,10013175153.67442,21334883.720930234,66834405.0,3.85,55908316.0,177819.62962962964,60.0,GB,GBR
569,United Kingdom,43,10013175153.67442,21334883.720930234,66834405.0,3.85,55908316.0,177819.62962962964,60.0,GB,GBR
570,United Kingdom,43,10013175153.67442,21334883.720930234,66834405.0,3.85,55908316.0,177819.62962962964,60.0,GB,GBR
571,United Kingdom,43,10013175153.67442,21334883.720930234,66834405.0,3.85,55908316.0,177819.62962962964,60.0,GB,GBR
572,United Kingdom,43,10013175153.67442,21334883.720930234,66834405.0,3.85,55908316.0,177819.62962962964,60.0,GB,GBR
573,United Kingdom,43,10013175153.67442,21334883.720930234,66834405.0,3.85,55908316.0,177819.62962962964,60.0,GB,GBR
574,United Kingdom,43,10013175153.67442,21334883.720930234,66834405.0,3.85,55908316.0,177819.62962962964,60.0,GB,GBR
575,United Kingdom,43,10013175153.67442,21334883.720930234,66834405.0,3.85,55908316.0,177819.62962962964,60.0,GB,GBR
576,United Kingdom,43,10013175153.67442,21334883.720930234,66834405.0,3.85,55908316.0,177819.62962962964,60.0,GB,GBR
577,United Kingdom,43,10013175153.67442,21334883.720930234,66834405.0,3.85,55908316.0,177819.62962962964,60.0,GB,GBR
578,United Kingdom,43,10013175153.67442,21334883.720930234,66834405.0,3.85,55908316.0,177819.62962962964,60.0,GB,GBR
579,United Kingdom,43,10013175153.67442,21334883.720930234,66834405.0,3.85,55908316.0,177819.62962962964,60.0,GB,GBR
580,United Kingdom,43,10013175153.67442,21334883.720930234,66834405.0,3.85,55908316.0,177819.62962962964,60.0,GB,GBR
581,United Kingdom,43,10013175153.67442,21334883.720930234,66834405.0,3.85,55908316.0,177819.62962962964,60.0,GB,GBR
582,United Kingdom,43,10013175153.67442,21334883.720930234,66834405.0,3.85,55908316.0,177819.62962962964,60.0,GB,GBR
583,United Kingdom,43,10013175153.67442,21334883.720930234,66834405.0,3.85,55908316.0,177819.62962962964,60.0,GB,GBR
584,United Kingdom,43,10013175153.67442,21334883.720930234,66834405.0,3.85,55908316.0,177819.62962962964,60.0,GB,GBR
585,United Kingdom,43,10013175153.67442,21334883.720930234,66834405.0,3.85,55908316.0,177819.62962962964,60.0,GB,GBR
586,Mexico,33,6006664609.787879,18996969.696969695,126014024.0,3.42,102626859.0,176470.58823529413,40.2,MX,MEX
587,Mexico,33,6006664609.787879,18996969.696969695,126014024.0,3.42,102626859.0,176470.58823529413,40.2,MX,MEX
588,Mexico,33,6006664609.787879,18996969.696969695,126014024.0,3.42,102626859.0,176470.58823529413,40.2,MX,MEX
589,Mexico,33,6006664609.787879,18996969.696969695,126014024.0,3.42,102626859.0,176470.58823529413,40.2,MX,MEX
590,Mexico,33,6006664609.787879,18996969.696969695,126014024.0,3.42,102626859.0,176470.58823529413,40.2,MX,MEX
591,Mexico,33,6006664609.787879,18996969.696969695,126014024.0,3.42,102626859.0,176470.58823529413,40.2,MX,MEX
592,Mexico,33,6006664609.787879,18996969.696969695,126014024.0,3.42,102626859.0,176470.58823529413,40.2,MX,MEX
593,Mexico,33,6006664609.787879,18996969.696969695,126014024.0,3.42,102626859.0,176470.58823529413,40.2,MX,MEX
594,Mexico,33,6006664609.787879,18996969.696969695,126014024.0,3.42,102626859.0,176470.58823529413,40.2,MX,MEX
595,Mexico,33,6006664609.787879,18996969.696969695,126014024.0,3.42,102626859.0,176470.58823529413,40.2,MX,MEX
596,Mexico,33,6006664609.787879,18996969.696969695,126014024.0,3.42,102626859.0,176470.58823529413,40.2,MX,MEX
597,Mexico,33,6006664609.787879,18996969.696969695,126014024.0,3.42,102626859.0,176470.58823529413,40.2,MX,MEX
598,Mexico,33,6006664609.787879,18996969.696969695,126014024.0,3.42,102626859.0,176470.58823529413,40.2,MX,MEX
599,Mexico,33,6006664609.787879,18996969.696969695,126014024.0,3.42,102626859.0,176470.58823529413,40.2,MX,MEX
600,Mexico,33,6006664609.787879,18996969.696969695,126014024.0,3.42,102626859.0,176470.58823529413,40.2,MX,MEX
601,Mexico,33,6006664609.787879,18996969.696969695,126014024.0,3.42,102626859.0,176470.58823529413,40.2,MX,MEX
602,Mexico,33,6006664609.787879,18996969.696969695,126014024.0,3.42,102626859.0,176470.58823529413,40.2,MX,MEX
603,Mexico,33,6006664609.787879,18996969.696969695,126014024.0,3.42,102626859.0,176470.58823529413,40.2,MX,MEX
604,Mexico,33,6006664609.787879,18996969.696969695,126014024.0,3.42,102626859.0,176470.58823529413,40.2,MX,MEX
605,Mexico,33,6006664609.787879,18996969.696969695,126014024.0,3.42,102626859.0,176470.58823529413,40.2,MX,MEX
606,Mexico,33,6006664609.787879,18996969.696969695,126014024.0,3.42,102626859.0,176470.58823529413,40.2,MX,MEX
607,Mexico,33,6006664609.787879,18996969.696969695,126014024.0,3.42,102626859.0,176470.58823529413,40.2,MX,MEX
608,Mexico,33,6006664609.787879,18996969.696969695,126014024.0,3.42,102626859.0,176470.58823529413,40.2,MX,MEX
609,Mexico,33,6006664609.787879,18996969.696969695,126014024.0,3.42,102626859.0,176470.58823529413,40.2,MX,MEX
610,Mexico,33,6006664609.787879,18996969.696969695,126014024.0,3.42,102626859.0,176470.58823529413,40.2,MX,MEX
611,Mexico,33,6006664609.787879,18996969.696969695,126014024.0,3.42,102626859.0,176470.58823529413,40.2,MX,MEX
612,Mexico,33,6006664609.787879,18996969.696969695,126014024.0,3.42,102626859.0,176470.58823529413,40.2,MX,MEX
613,Mexico,33,6006664609.787879,18996969.696969695,126014024.0,3.42,102626859.0,176470.58823529413,40.2,MX,MEX
614,Mexico,33,6006664609.787879,18996969.696969695,126014024.0,3.42,102626859.0,176470.58823529413,40.2,MX,MEX
615,Mexico,33,6006664609.787879,18996969.696969695,126014024.0,3.42,102626859.0,176470.58823529413,40.2,MX,MEX
616,Mexico,33,6006664609.787879,18996969.696969695,126014024.0,3.42,102626859.0,176470.58823529413,40.2,MX,MEX
617,Mexico,33,6006664609.787879,18996969.696969695,126014024.0,3.42,102626859.0,176470.58823529413,40.2,MX,MEX
618,Mexico,33,6006664609.787879,18996969.696969695,126014024.0,3.42,102626859.0,176470.58823529413,40.2,MX,MEX
619,Indonesia,28,5393238180.535714,19075000.0,270203917.0,4.69,151509724.0,620000.05,36.3,ID,IDN
620,Indonesia,28,5393238180.535714,19075000.0,270203917.0,4.69,151509724.0,620000.05,36.3,ID,IDN
621,Indonesia,28,5393238180.535714,19075000.0,270203917.0,4.69,151509724.0,620000.05,36.3,ID,IDN
622,Indonesia,28,5393238180.535714,19075000.0,270203917.0,4.69,151509724.0,620000.05,36.3,ID,IDN
623,Indonesia,28,5393238180.535714,19075000.0,270203917.0,4.69,151509724.0,620000.05,36.3,ID,IDN
624,Indonesia,28,5393238180.535714,19075000.0,270203917.0,4.69,151509724.0,620000.05,36.3,ID,IDN
625,Indonesia,28,5393238180.535714,19075000.0,270203917.0,4.69,151509724.0,620000.05,36.3,ID,IDN
626,Indonesia,28,5393238180.535714,19075000.0,270203917.0,4.69,151509724.0,620000.05,36.3,ID,IDN
627,Indonesia,28,5393238180.535714,19075000.0,270203917.0,4.69,151509724.0,620000.05,36.3,ID,IDN
628,Indonesia,28,5393238180.535714,19075000.0,270203917.0,4.69,151509724.0,620000.05,36.3,ID,IDN
629,Indonesia,28,5393238180.535714,19075000.0,270203917.0,4.69,151509724.0,620000.05,36.3,ID,IDN
630,Indonesia,28,5393238180.535714,19075000.0,270203917.0,4.69,151509724.0,620000.05,36.3,ID,IDN
631,Indonesia,28,5393238180.535714,19075000.0,270203917.0,4.69,151509724.0,620000.05,36.3,ID,IDN
632,Indonesia,28,5393238180.535714,19075000.0,270203917.0,4.69,151509724.0,620000.05,36.3,ID,IDN
633,Indonesia,28,5393238180.535714,19075000.0,270203917.0,4.69,151509724.0,620000.05,36.3,ID,IDN
634,Indonesia,28,5393238180.535714,19075000.0,270203917.0,4.69,151509724.0,620000.05,36.3,ID,IDN
635,Indonesia,28,5393238180.535714,19075000.0,270203917.0,4.69,151509724.0,620000.05,36.3,ID,IDN
636,Indonesia,28,5393238180.535714,19075000.0,270203917.0,4.69,151509724.0,620000.05,36.3,ID,IDN
637,Indonesia,28,5393238180.535714,19075000.0,270203917.0,4.69,151509724.0,620000.05,36.3,ID,IDN
638,Indonesia,28,5393238180.535714,19075000.0,270203917.0,4.69,151509724.0,620000.05,36.3,ID,IDN
639,Indonesia,28,5393238180.535714,19075000.0,270203917.0,4.69,151509724.0,620000.05,36.3,ID,IDN
640,Indonesia,28,5393238180.535714,19075000.0,270203917.0,4.69,151509724.0,620000.05,36.3,ID,IDN
641,Indonesia,28,5393238180.535714,19075000.0,270203917.0,4.69,151509724.0,620000.05,36.3,ID,IDN
642,Indonesia,28,5393238180.535714,19075000.0,270203917.0,4.69,151509724.0,620000.05,36.3,ID,IDN
643,Indonesia,28,5393238180.535714,19075000.0,270203917.0,4.69,151509724.0,620000.05,36.3,ID,IDN
644,Indonesia,28,5393238180.535714,19075000.0,270203917.0,4.69,151509724.0,620000.05,36.3,ID,IDN
645,Indonesia,28,5393238180.535714,19075000.0,270203917.0,4.69,151509724.0,620000.05,36.3,ID,IDN
646,Indonesia,28,5393238180.535714,19075000.0,270203917.0,4.69,151509724.0,620000.05,36.3,ID,IDN
647,Spain,22,6023669745.409091,17504545.454545453,47076781.0,13.96,37927409.0,163691.0,88.9,ES,ESP
648,Spain,22,6023669745.409091,17504545.454545453,47076781.0,13.96,37927409.0,163691.0,88.9,ES,ESP
649,Spain,22,6023669745.409091,17504545.454545453,47076781.0,13.96,37927409.0,163691.0,88.9,ES,ESP
650,Spain,22,6023669745.409091,17504545.454545453,47076781.0,13.96,37927409.0,163691.0,88.9,ES,ESP
651,Spain,22,6023669745.409091,17504545.454545453,47076781.0,13.96,37927409.0,163691.0,88.9,ES,ESP
652,Spain,22,6023669745.409091,17504545.454545453,47076781.0,13.96,37927409.0,163691.0,88.9,ES,ESP
653,Spain,22,6023669745.409091,17504545.454545453,47076781.0,13.96,37927409.0,163691.0,88.9,ES,ESP
654,Spain,22,6023669745.409091,17504545.454545453,47076781.0,13.96,37927409.0,163691.0,88.9,ES,ESP
655,Spain,22,6023669745.409091,17504545.454545453,47076781.0,13.96,37927409.0,163691.0,88.9,ES,ESP
656,Spain,22,6023669745.409091,17504545.454545453,47076781.0,13.96,37927409.0,163691.0,88.9,ES,ESP
657,Spain,22,6023669745.409091,17504545.454545453,47076781.0,13.96,37927409.0,163691.0,88.9,ES,ESP
658,Spain,22,6023669745.409091,17504545.454545453,47076781.0,13.96,37927409.0,163691.0,88.9,ES,ESP
659,Spain,22,6023669745.409091,17504545.454545453,47076781.0,13.96,37927409.0,163691.0,88.9,ES,ESP
660,Spain,22,6023669745.409091,17504545.454545453,47076781.0,13.96,37927409.0,163691.0,88.9,ES,ESP
661,Spain,22,6023669745.409091,17504545.454545453,47076781.0,13.96,37927409.0,163691.0,88.9,ES,ESP
662,Spain,22,6023669745.409091,17504545.454545453,47076781.0,13.96,37927409.0,163691.0,88.9,ES,ESP
663,Spain,22,6023669745.409091,17504545.454545453,47076781.0,13.96,37927409.0,163691.0,88.9,ES,ESP
664,Spain,22,6023669745.409091,17504545.454545453,47076781.0,13.96,37927409.0,163691.0,88.9,ES,ESP
665,Spain,22,6023669745.409091,17504545.454545453,47076781.0,13.96,37927409.0,163691.0,88.9,ES,ESP
666,Spain,22,6023669745.409091,17504545.454545453,47076781.0,13.96,37927409.0,163691.0,88.9,ES,ESP
667,Spain,22,6023669745.409091,17504545.454545453,47076781.0,13.96,37927409.0,163691.0,88.9,ES,ESP
668,Spain,22,6023669745.409091,17504545.454545453,47076781.0,13.96,37927409.0,163691.0,88.9,ES,ESP
669,Thailand,18,14684331930.055555,21472222.222222224,69625582.0,0.75,35294600.0,138461.53846153847,49.3,TH,THA
670,Thailand,18,14684331930.055555,21472222.222222224,69625582.0,0.75,35294600.0,138461.53846153847,49.3,TH,THA
671,Thailand,18,14684331930.055555,21472222.222222224,69625582.0,0.75,35294600.0,138461.53846153847,49.3,TH,THA
672,Thailand,18,14684331930.055555,21472222.222222224,69625582.0,0.75,35294600.0,138461.53846153847,49.3,TH,THA
673,Thailand,18,14684331930.055555,21472222.222222224,69625582.0,0.75,35294600.0,138461.53846153847,49.3,TH,THA
674,Thailand,18,14684331930.055555,21472222.222222224,69625582.0,0.75,35294600.0,138461.53846153847,49.3,TH,THA
675,Thailand,18,14684331930.055555,21472222.222222224,69625582.0,0.75,35294600.0,138461.53846153847,49.3,TH,THA
676,Thailand,18,14684331930.055555,21472222.222222224,69625582.0,0.75,35294600.0,138461.53846153847,49.3,TH,THA
677,Thailand,18,14684331930.055555,21472222.222222224,69625582.0,0.75,35294600.0,138461.53846153847,49.3,TH,THA
678,Thailand,18,14684331930.055555,21472222.222222224,69625582.0,0.75,35294600.0,138461.53846153847,49.3,TH,THA
679,Thailand,18,14684331930.055555,21472222.222222224,69625582.0,0.75,35294600.0,138461.53846153847,49.3,TH,THA
680,Thailand,18,14684331930.055555,21472222.222222224,69625582.0,0.75,35294600.0,138461.53846153847,49.3,TH,THA
681,Thailand,18,14684331930.055555,21472222.222222224,69625582.0,0.75,35294600.0,138461.53846153847,49.3,TH,THA
682,Thailand,18,14684331930.055555,21472222.222222224,69625582.0,0.75,35294600.0,138461.53846153847,49.3,TH,THA
683,Thailand,18,14684331930.055555,21472222.222222224,69625582.0,0.75,35294600.0,138461.53846153847,49.3,TH,THA
684,Thailand,18,14684331930.055555,21472222.222222224,69625582.0,0.75,35294600.0,138461.53846153847,49.3,TH,THA
685,Thailand,18,14684331930.055555,21472222.222222224,69625582.0,0.75,35294600.0,138461.53846153847,49.3,TH,THA
686,Thailand,18,14684331930.055555,21472222.222222224,69625582.0,0.75,35294600.0,138461.53846153847,49.3,TH,THA
687,South Korea,17,13270099142.117647,28335294.11764706,51709098.0,4.15,42106719.0,788888.8888888889,94.3,KR,KOR
688,South Korea,17,13270099142.117647,28335294.11764706,51709098.0,4.15,42106719.0,788888.8888888889,94.3,KR,KOR
689,South Korea,17,13270099142.117647,28335294.11764706,51709098.0,4.15,42106719.0,788888.8888888889,94.3,KR,KOR
690,South Korea,17,13270099142.117647,28335294.11764706,51709098.0,4.15,42106719.0,788888.8888888889,94.3,KR,KOR
691,South Korea,17,13270099142.117647,28335294.11764706,51709098.0,4.15,42106719.0,788888.8888888889,94.3,KR,KOR
692,South Korea,17,13270099142.117647,28335294.11764706,51709098.0,4.15,42106719.0,788888.8888888889,94.3,KR,KOR
693,South Korea,17,13270099142.117647,28335294.11764706,51709098.0,4.15,42106719.0,788888.8888888889,94.3,KR,KOR
694,South Korea,17,13270099142.117647,28335294.11764706,51709098.0,4.15,42106719.0,788888.8888888889,94.3,KR,KOR
695,South Korea,17,13270099142.117647,28335294.11764706,51709098.0,4.15,42106719.0,788888.8888888889,94.3,KR,KOR
696,South Korea,17,13270099142.117647,28335294.11764706,51709098.0,4.15,42106719.0,788888.8888888889,94.3,KR,KOR
697,South Korea,17,13270099142.117647,28335294.11764706,51709098.0,4.15,42106719.0,788888.8888888889,94.3,KR,KOR
698,South Korea,17,13270099142.117647,28335294.11764706,51709098.0,4.15,42106719.0,788888.8888888889,94.3,KR,KOR
699,South Korea,17,13270099142.117647,28335294.11764706,51709098.0,4.15,42106719.0,788888.8888888889,94.3,KR,KOR
700,South Korea,17,13270099142.117647,28335294.11764706,51709098.0,4.15,42106719.0,788888.8888888889,94.3,KR,KOR
701,South Korea,17,13270099142.117647,28335294.11764706,51709098.0,4.15,42106719.0,788888.8888888889,94.3,KR,KOR
702,South Korea,17,13270099142.117647,28335294.11764706,51709098.0,4.15,42106719.0,788888.8888888889,94.3,KR,KOR
703,South Korea,17,13270099142.117647,28335294.11764706,51709098.0,4.15,42106719.0,788888.8888888889,94.3,KR,KOR
704,Russia,16,14562270532.9375,25450000.0,144373535.0,4.59,107683889.0,364286.4285714286,81.9,RU,RUS
705,Russia,16,14562270532.9375,25450000.0,144373535.0,4.59,107683889.0,364286.4285714286,81.9,RU,RUS
706,Russia,16,14562270532.9375,25450000.0,144373535.0,4.59,107683889.0,364286.4285714286,81.9,RU,RUS
707,Russia,16,14562270532.9375,25450000.0,144373535.0,4.59,107683889.0,364286.4285714286,81.9,RU,RUS
708,Russia,16,14562270532.9375,25450000.0,144373535.0,4.59,107683889.0,364286.4285714286,81.9,RU,RUS
709,Russia,16,14562270532.9375,25450000.0,144373535.0,4.59,107683889.0,364286.4285714286,81.9,RU,RUS
710,Russia,16,14562270532.9375,25450000.0,144373535.0,4.59,107683889.0,364286.4285714286,81.9,RU,RUS
711,Russia,16,14562270532.9375,25450000.0,144373535.0,4.59,107683889.0,364286.4285714286,81.9,RU,RUS
712,Russia,16,14562270532.9375,25450000.0,144373535.0,4.59,107683889.0,364286.4285714286,81.9,RU,RUS
713,Russia,16,14562270532.9375,25450000.0,144373535.0,4.59,107683889.0,364286.4285714286,81.9,RU,RUS
714,Russia,16,14562270532.9375,25450000.0,144373535.0,4.59,107683889.0,364286.4285714286,81.9,RU,RUS
715,Russia,16,14562270532.9375,25450000.0,144373535.0,4.59,107683889.0,364286.4285714286,81.9,RU,RUS
716,Russia,16,14562270532.9375,25450000.0,144373535.0,4.59,107683889.0,364286.4285714286,81.9,RU,RUS
717,Russia,16,14562270532.9375,25450000.0,144373535.0,4.59,107683889.0,364286.4285714286,81.9,RU,RUS
718,Russia,16,14562270532.9375,25450000.0,144373535.0,4.59,107683889.0,364286.4285714286,81.9,RU,RUS
719,Russia,16,14562270532.9375,25450000.0,144373535.0,4.59,107683889.0,364286.4285714286,81.9,RU,RUS
720,Canada,15,12754704939.133333,24260000.0,36991981.0,5.56,30628482.0,142857.2857142857,68.9,CA,CAN
721,Canada,15,12754704939.133333,24260000.0,36991981.0,5.56,30628482.0,142857.2857142857,68.9,CA,CAN
722,Canada,15,12754704939.133333,24260000.0,36991981.0,5.56,30628482.0,142857.2857142857,68.9,CA,CAN
723,Canada,15,12754704939.133333,24260000.0,36991981.0,5.56,30628482.0,142857.2857142857,68.9,CA,CAN
724,Canada,15,12754704939.133333,24260000.0,36991981.0,5.56,30628482.0,142857.2857142857,68.9,CA,CAN
725,Canada,15,12754704939.133333,24260000.0,36991981.0,5.56,30628482.0,142857.2857142857,68.9,CA,CAN
726,Canada,15,12754704939.133333,24260000.0,36991981.0,5.56,30628482.0,142857.2857142857,68.9,CA,CAN
727,Canada,15,12754704939.133333,24260000.0,36991981.0,5.56,30628482.0,142857.2857142857,68.9,CA,CAN
728,Canada,15,12754704939.133333,24260000.0,36991981.0,5.56,30628482.0,142857.2857142857,68.9,CA,CAN
729,Canada,15,12754704939.133333,24260000.0,36991981.0,5.56,30628482.0,142857.2857142857,68.9,CA,CAN
730,Canada,15,12754704939.133333,24260000.0,36991981.0,5.56,30628482.0,142857.2857142857,68.9,CA,CAN
731,Canada,15,12754704939.133333,24260000.0,36991981.0,5.56,30628482.0,142857.2857142857,68.9,CA,CAN
732,Canada,15,12754704939.133333,24260000.0,36991981.0,5.56,30628482.0,142857.2857142857,68.9,CA,CAN
733,Canada,15,12754704939.133333,24260000.0,36991981.0,5.56,30628482.0,142857.2857142857,68.9,CA,CAN
734,Canada,15,12754704939.133333,24260000.0,36991981.0,5.56,30628482.0,142857.2857142857,68.9,CA,CAN
735,Argentina,13,14955027227.23077,25269230.769230768,44938712.0,9.79,41339571.0,500000.0,90.0,AR,ARG
736,Argentina,13,14955027227.23077,25269230.769230768,44938712.0,9.79,41339571.0,500000.0,90.0,AR,ARG
737,Argentina,13,14955027227.23077,25269230.769230768,44938712.0,9.79,41339571.0,500000.0,90.0,AR,ARG
738,Argentina,13,14955027227.23077,25269230.769230768,44938712.0,9.79,41339571.0,500000.0,90.0,AR,ARG
739,Argentina,13,14955027227.23077,25269230.769230768,44938712.0,9.79,41339571.0,500000.0,90.0,AR,ARG
740,Argentina,13,14955027227.23077,25269230.769230768,44938712.0,9.79,41339571.0,500000.0,90.0,AR,ARG
741,Argentina,13,14955027227.23077,25269230.769230768,44938712.0,9.79,41339571.0,500000.0,90.0,AR,ARG
742,Argentina,13,14955027227.23077,25269230.769230768,44938712.0,9.79,41339571.0,500000.0,90.0,AR,ARG
743,Argentina,13,14955027227.23077,25269230.769230768,44938712.0,9.79,41339571.0,500000.0,90.0,AR,ARG
744,Argentina,13,14955027227.23077,25269230.769230768,44938712.0,9.79,41339571.0,500000.0,90.0,AR,ARG
745,Argentina,13,14955027227.23077,25269230.769230768,44938712.0,9.79,41339571.0,500000.0,90.0,AR,ARG
746,Argentina,13,14955027227.23077,25269230.769230768,44938712.0,9.79,41339571.0,500000.0,90.0,AR,ARG
747,Argentina,13,14955027227.23077,25269230.769230768,44938712.0,9.79,41339571.0,500000.0,90.0,AR,ARG
748,Philippines,12,10760670324.083334,20008333.333333332,108116615.0,2.15,50975903.0,212500.0,35.5,PH,PHL
749,Philippines,12,10760670324.083334,20008333.333333332,108116615.0,2.15,50975903.0,212500.0,35.5,PH,PHL
750,Philippines,12,10760670324.083334,20008333.333333332,108116615.0,2.15,50975903.0,212500.0,35.5,PH,PHL
751,Philippines,12,10760670324.083334,20008333.333333332,108116615.0,2.15,50975903.0,212500.0,35.5,PH,PHL
752,Philippines,12,10760670324.083334,20008333.333333332,108116615.0,2.15,50975903.0,212500.0,35.5,PH,PHL
753,Philippines,12,10760670324.083334,20008333.333333332,108116615.0,2.15,50975903.0,212500.0,35.5,PH,PHL
754,Philippines,12,10760670324.083334,20008333.333333332,108116615.0,2.15,50975903.0,212500.0,35.5,PH,PHL
755,Philippines,12,10760670324.083334,20008333.333333332,108116615.0,2.15,50975903.0,212500.0,35.5,PH,PHL
756,Philippines,12,10760670324.083334,20008333.333333332,108116615.0,2.15,50975903.0,212500.0,35.5,PH,PHL
757,Philippines,12,10760670324.083334,20008333.333333332,108116615.0,2.15,50975903.0,212500.0,35.5,PH,PHL
758,Philippines,12,10760670324.083334,20008333.333333332,108116615.0,2.15,50975903.0,212500.0,35.5,PH,PHL
759,Philippines,12,10760670324.083334,20008333.333333332,108116615.0,2.15,50975903.0,212500.0,35.5,PH,PHL
760,Colombia,11,14017982513.727272,24045454.545454547,50339443.0,9.71,40827302.0,522222.22222222225,55.3,CO,COL
761,Colombia,11,14017982513.727272,24045454.545454547,50339443.0,9.71,40827302.0,522222.22222222225,55.3,CO,COL
762,Colombia,11,14017982513.727272,24045454.545454547,50339443.0,9.71,40827302.0,522222.22222222225,55.3,CO,COL
763,Colombia,11,14017982513.727272,24045454.545454547,50339443.0,9.71,40827302.0,522222.22222222225,55.3,CO,COL
764,Colombia,11,14017982513.727272,24045454.545454547,50339443.0,9.71,40827302.0,522222.22222222225,55.3,CO,COL
765,Colombia,11,14017982513.727272,24045454.545454547,50339443.0,9.71,40827302.0,522222.22222222225,55.3,CO,COL
766,Colombia,11,14017982513.727272,24045454.545454547,50339443.0,9.71,40827302.0,522222.22222222225,55.3,CO,COL
767,Colombia,11,14017982513.727272,24045454.545454547,50339443.0,9.71,40827302.0,522222.22222222225,55.3,CO,COL
768,Colombia,11,14017982513.727272,24045454.545454547,50339443.0,9.71,40827302.0,522222.22222222225,55.3,CO,COL
769,Colombia,11,14017982513.727272,24045454.545454547,50339443.0,9.71,40827302.0,522222.22222222225,55.3,CO,COL
770,Colombia,11,14017982513.727272,24045454.545454547,50339443.0,9.71,40827302.0,522222.22222222225,55.3,CO,COL
771,Saudi Arabia,9,8851887168.444445,19900000.0,34268528.0,5.93,28807838.0,217000.0,68.0,SA,SAU
772,Saudi Arabia,9,8851887168.444445,19900000.0,34268528.0,5.93,28807838.0,217000.0,68.0,SA,SAU
773,Saudi Arabia,9,8851887168.444445,19900000.0,34268528.0,5.93,28807838.0,217000.0,68.0,SA,SAU
774,Saudi Arabia,9,8851887168.444445,19900000.0,34268528.0,5.93,28807838.0,217000.0,68.0,SA,SAU
775,Saudi Arabia,9,8851887168.444445,19900000.0,34268528.0,5.93,28807838.0,217000.0,68.0,SA,SAU
776,Saudi Arabia,9,8851887168.444445,19900000.0,34268528.0,5.93,28807838.0,217000.0,68.0,SA,SAU
777,Saudi Arabia,9,8851887168.444445,19900000.0,34268528.0,5.93,28807838.0,217000.0,68.0,SA,SAU
778,Saudi Arabia,9,8851887168.444445,19900000.0,34268528.0,5.93,28807838.0,217000.0,68.0,SA,SAU
779,Saudi Arabia,9,8851887168.444445,19900000.0,34268528.0,5.93,28807838.0,217000.0,68.0,SA,SAU
780,Australia,9,7682423599.555555,19111111.111111112,25766605.0,5.27,21844756.0,300000.5,113.1,AU,AUS
781,Australia,9,7682423599.555555,19111111.111111112,25766605.0,5.27,21844756.0,300000.5,113.1,AU,AUS
782,Australia,9,7682423599.555555,19111111.111111112,25766605.0,5.27,21844756.0,300000.5,113.1,AU,AUS
783,Australia,9,7682423599.555555,19111111.111111112,25766605.0,5.27,21844756.0,300000.5,113.1,AU,AUS
784,Australia,9,7682423599.555555,19111111.111111112,25766605.0,5.27,21844756.0,300000.5,113.1,AU,AUS
785,Australia,9,7682423599.555555,19111111.111111112,25766605.0,5.27,21844756.0,300000.5,113.1,AU,AUS
786,Australia,9,7682423599.555555,19111111.111111112,25766605.0,5.27,21844756.0,300000.5,113.1,AU,AUS
787,Australia,9,7682423599.555555,19111111.111111112,25766605.0,5.27,21844756.0,300000.5,113.1,AU,AUS
788,Australia,9,7682423599.555555,19111111.111111112,25766605.0,5.27,21844756.0,300000.5,113.1,AU,AUS
789,Ukraine,8,7308166404.25,15700000.0,44385155.0,8.88,30835699.0,126002.0,82.7,UA,UKR
790,Ukraine,8,7308166404.25,15700000.0,44385155.0,8.88,30835699.0,126002.0,82.7,UA,UKR
791,Ukraine,8,7308166404.25,15700000.0,44385155.0,8.88,30835699.0,126002.0,82.7,UA,UKR
792,Ukraine,8,7308166404.25,15700000.0,44385155.0,8.88,30835699.0,126002.0,82.7,UA,UKR
793,Ukraine,8,7308166404.25,15700000.0,44385155.0,8.88,30835699.0,126002.0,82.7,UA,UKR
794,Ukraine,8,7308166404.25,15700000.0,44385155.0,8.88,30835699.0,126002.0,82.7,UA,UKR
795,Ukraine,8,7308166404.25,15700000.0,44385155.0,8.88,30835699.0,126002.0,82.7,UA,UKR
796,Ukraine,8,7308166404.25,15700000.0,44385155.0,8.88,30835699.0,126002.0,82.7,UA,UKR
797,United Arab Emirates,7,10760087628.857143,21171428.57142857,9770529.0,2.35,8479744.0,685714.2857142857,36.8,AE,ARE
798,United Arab Emirates,7,10760087628.857143,21171428.57142857,9770529.0,2.35,8479744.0,685714.2857142857,36.8,AE,ARE
799,United Arab Emirates,7,10760087628.857143,21171428.57142857,9770529.0,2.35,8479744.0,685714.2857142857,36.8,AE,ARE
800,United Arab Emirates,7,10760087628.857143,21171428.57142857,9770529.0,2.35,8479744.0,685714.2857142857,36.8,AE,ARE
801,United Arab Emirates,7,10760087628.857143,21171428.57142857,9770529.0,2.35,8479744.0,685714.2857142857,36.8,AE,ARE
802,United Arab Emirates,7,10760087628.857143,21171428.57142857,9770529.0,2.35,8479744.0,685714.2857142857,36.8,AE,ARE
803,United Arab Emirates,7,10760087628.857143,21171428.57142857,9770529.0,2.35,8479744.0,685714.2857142857,36.8,AE,ARE
804,Pakistan,6,18882236236.5,25900000.0,216565318.0,4.45,79927762.0,500006.6666666667,9.0,PK,PAK
805,Pakistan,6,18882236236.5,25900000.0,216565318.0,4.45,79927762.0,500006.6666666667,9.0,PK,PAK
806,Pakistan,6,18882236236.5,25900000.0,216565318.0,4.45,79927762.0,500006.6666666667,9.0,PK,PAK
807,Pakistan,6,18882236236.5,25900000.0,216565318.0,4.45,79927762.0,500006.6666666667,9.0,PK,PAK
808,Pakistan,6,18882236236.5,25900000.0,216565318.0,4.45,79927762.0,500006.6666666667,9.0,PK,PAK
809,Pakistan,6,18882236236.5,25900000.0,216565318.0,4.45,79927762.0,500006.6666666667,9.0,PK,PAK
810,Germany,6,9038707873.333334,19400000.0,83132799.0,3.04,64324835.0,360717.0,70.2,DE,DEU
811,Germany,6,9038707873.333334,19400000.0,83132799.0,3.04,64324835.0,360717.0,70.2,DE,DEU
812,Germany,6,9038707873.333334,19400000.0,83132799.0,3.04,64324835.0,360717.0,70.2,DE,DEU
813,Germany,6,9038707873.333334,19400000.0,83132799.0,3.04,64324835.0,360717.0,70.2,DE,DEU
814,Germany,6,9038707873.333334,19400000.0,83132799.0,3.04,64324835.0,360717.0,70.2,DE,DEU
815,Germany,6,9038707873.333334,19400000.0,83132799.0,3.04,64324835.0,360717.0,70.2,DE,DEU
816,France,5,6111528013.0,16780000.0,67059887.0,8.43,54123364.0,50003.5,65.6,FR,FRA
817,France,5,6111528013.0,16780000.0,67059887.0,8.43,54123364.0,50003.5,65.6,FR,FRA
818,France,5,6111528013.0,16780000.0,67059887.0,8.43,54123364.0,50003.5,65.6,FR,FRA
819,France,5,6111528013.0,16780000.0,67059887.0,8.43,54123364.0,50003.5,65.6,FR,FRA
820,France,5,6111528013.0,16780000.0,67059887.0,8.43,54123364.0,50003.5,65.6,FR,FRA
821,Japan,5,17136403486.8,37820000.0,126226568.0,2.29,115782416.0,700002.25,63.2,JP,JPN
822,Japan,5,17136403486.8,37820000.0,126226568.0,2.29,115782416.0,700002.25,63.2,JP,JPN
823,Japan,5,17136403486.8,37820000.0,126226568.0,2.29,115782416.0,700002.25,63.2,JP,JPN
824,Japan,5,17136403486.8,37820000.0,126226568.0,2.29,115782416.0,700002.25,63.2,JP,JPN
825,Japan,5,17136403486.8,37820000.0,126226568.0,2.29,115782416.0,700002.25,63.2,JP,JPN
826,Sweden,4,5009225512.5,15750000.0,10285453.0,6.48,9021165.0,1550000.0,67.0,SE,SWE
827,Sweden,4,5009225512.5,15750000.0,10285453.0,6.48,9021165.0,1550000.0,67.0,SE,SWE
828,Sweden,4,5009225512.5,15750000.0,10285453.0,6.48,9021165.0,1550000.0,67.0,SE,SWE
829,Sweden,4,5009225512.5,15750000.0,10285453.0,6.48,9021165.0,1550000.0,67.0,SE,SWE
830,Turkey,4,23099811190.0,22900000.0,83429615.0,13.49,63097818.0,800000.0,23.9,TR,TUR
831,Turkey,4,23099811190.0,22900000.0,83429615.0,13.49,63097818.0,800000.0,23.9,TR,TUR
832,Turkey,4,23099811190.0,22900000.0,83429615.0,13.49,63097818.0,800000.0,23.9,TR,TUR
833,Turkey,4,23099811190.0,22900000.0,83429615.0,13.49,63097818.0,800000.0,23.9,TR,TUR
834,Netherlands,3,7955428591.333333,19366666.666666668,17332850.0,3.2,15924729.0,150000.0,85.0,NL,NLD
835,Netherlands,3,7955428591.333333,19366666.666666668,17332850.0,3.2,15924729.0,150000.0,85.0,NL,NLD
836,Netherlands,3,7955428591.333333,19366666.666666668,17332850.0,3.2,15924729.0,150000.0,85.0,NL,NLD
837,Vietnam,3,8362770852.0,15933333.333333334,96462106.0,2.01,35332140.0,150000.0,28.5,VN,VNM
838,Vietnam,3,8362770852.0,15933333.333333334,96462106.0,2.01,35332140.0,150000.0,28.5,VN,VNM
839,Vietnam,3,8362770852.0,15933333.333333334,96462106.0,2.01,35332140.0,150000.0,28.5,VN,VNM
840,Jordan,3,17696693294.666668,22333333.333333332,10101694.0,14.72,9213048.0,166666.66666666666,34.4,JO,JOR
841,Jordan,3,17696693294.666668,22333333.333333332,10101694.0,14.72,9213048.0,166666.66666666666,34.4,JO,JOR
842,Jordan,3,17696693294.666668,22333333.333333332,10101694.0,14.72,9213048.0,166666.66666666666,34.4,JO,JOR
843,Chile,3,9782518859.0,29066666.666666668,18952038.0,7.09,16610135.0,233334.66666666666,88.5,CL,CHL
844,Chile,3,9782518859.0,29066666.666666668,18952038.0,7.09,16610135.0,233334.66666666666,88.5,CL,CHL
845,Chile,3,9782518859.0,29066666.666666668,18952038.0,7.09,16610135.0,233334.66666666666,88.5,CL,CHL
846,Singapore,3,9659634643.0,19900000.0,5703569.0,4.11,5703569.0,66933.66666666667,84.8,SG,SGP
847,Singapore,3,9659634643.0,19900000.0,5703569.0,4.11,5703569.0,66933.66666666667,84.8,SG,SGP
848,Singapore,3,9659634643.0,19900000.0,5703569.0,4.11,5703569.0,66933.66666666667,84.8,SG,SGP
849,Italy,2,9947448928.0,19700000.0,60297396.0,9.89,42651966.0,1050000.0,61.9,IT,ITA
850,Italy,2,9947448928.0,19700000.0,60297396.0,9.89,42651966.0,1050000.0,61.9,IT,ITA
851,Iraq,2,8503826081.0,15100000.0,39309783.0,12.82,27783368.0,,16.2,IQ,IRQ
852,Iraq,2,8503826081.0,15100000.0,39309783.0,12.82,27783368.0,,16.2,IQ,IRQ
853,Egypt,2,4912370283.0,15300000.0,100388073.0,10.76,42895824.0,100000.0,35.2,EG,EGY
854,Egypt,2,4912370283.0,15300000.0,100388073.0,10.76,42895824.0,100000.0,35.2,EG,EGY
855,Ecuador,2,2746230681.5,13850000.0,17373662.0,3.97,11116711.0,200000.0,44.9,EC,ECU
856,Ecuador,2,2746230681.5,13850000.0,17373662.0,3.97,11116711.0,200000.0,44.9,EC,ECU
857,Switzerland,1,5529131886.0,19400000.0,8574832.0,4.58,6332428.0,100000.0,59.6,CH,CHE
858,Venezuela,1,9673649438.0,31200000.0,28515829.0,8.8,25162368.0,100.0,79.3,VE,VEN
859,Afghanistan,1,13397000296.0,20400000.0,38041754.0,11.12,9797273.0,12.0,9.7,AF,AFG
860,Samoa,1,6637820731.0,13100000.0,202506.0,8.36,35588.0,3.0,7.6,WS,WSM
861,Peru,1,1629801448.0,14400000.0,32510453.0,3.31,25390339.0,,70.7,PE,PER
862,Morocco,1,4315486422.0,14500000.0,36910560.0,9.02,22975026.0,,35.9,MA,MAR
863,Malaysia,1,9059696049.0,17700000.0,32447385.0,3.32,24475766.0,200000.0,45.1,MY,MYS
864,Latvia,1,20919403720.0,20200000.0,1912789.0,6.52,1304943.0,1200000.0,88.1,LV,LVA
865,Finland,1,2036408398.0,13200000.0,5520314.0,6.59,4716888.0,,88.2,FI,FIN
866,El Salvador,1,10323391593.0,46100000.0,6453553.0,4.11,4694702.0,200000.0,29.4,SV,SLV
867,Cuba,1,22936630813.0,46300000.0,11333483.0,1.64,8739135.0,10.0,41.4,CU,CUB
868,China,1,2977741577.0,17600000.0,1397715000.0,4.32,842933962.0,100000.0,50.6,CN,CHN
869,Barbados,1,22477745835.0,41900000.0,287025.0,10.33,89431.0,100000.0,65.4,BB,BRB
870,Bangladesh,1,12129583055.0,13900000.0,167310838.0,4.19,60987417.0,,20.6,BD,BGD
871,Kuwait,1,4521573939.0,30500000.0,4207083.0,2.18,4207083.0,1300000.0,54.4,KW,KWT
